crime_risk,lighting_score,traffic_level,time_risk,road_risk,distance,risk
77.4,71.61,55.93,51.81,66.08,1486.73,0
43.89,35.71,89.77,35.36,36.57,1991.7,0
85.86,85.19,27.81,7.51,22.71,101.14,0
69.74,24.1,2.6,99.1,8.36,504.94,0
9.42,53.84,77.57,17.48,10.18,1203.53,0
97.56,18.41,70.24,25.53,95.94,842.09,1
76.11,49.53,54.55,23.59,78.85,1282.36,0
78.61,15.25,81.53,90.79,24.5,1181.08,1
12.81,16.16,84.01,76.37,52.91,1580.22,0
45.04,61.22,58.79,45.73,71.42,160.39,0
37.08,26.38,96.59,95.54,35.25,892.42,1
92.68,17.24,71.97,5.28,44.0,1722.91,0
64.39,92.98,67.69,89.37,71.84,738.27,0
82.28,4.3,36.14,6.04,22.75,1017.5,0
44.34,56.51,0.23,39.11,52.63,62.73,0
22.72,54.83,24.09,5.4,21.01,463.86,0
55.46,25.06,76.39,99.9,0.31,938.04,0
6.38,45.28,70.99,91.44,69.03,809.96,0
82.76,8.77,33.1,58.48,70.73,1435.02,1
63.17,72.13,62.56,21.78,99.57,1231.52,0
75.81,22.17,19.53,27.68,18.1,1762.96,0
35.45,19.34,26.36,44.95,73.96,1712.45,0
97.07,31.49,94.74,32.28,94.8,497.62,1
89.31,90.24,41.32,2.13,64.46,54.92,0
77.84,79.65,24.5,65.63,96.31,1711.85,1
19.46,94.69,48.71,61.34,99.44,671.66,0
46.67,65.2,38.7,90.43,80.16,707.28,0
4.38,66.29,72.95,47.69,99.93,333.62,0
15.43,48.0,96.21,34.47,62.58,1392.15,0
68.3,90.52,59.17,51.15,49.71,574.62,0
74.48,51.09,59.11,19.47,91.76,369.95,0
96.75,35.51,36.48,62.55,83.1,1016.71,1
32.58,64.04,56.46,77.0,11.01,1505.82,0
37.05,54.61,31.93,15.35,30.27,553.81,0
46.96,12.4,0.11,31.84,26.06,1449.64,0
18.95,39.27,86.61,86.78,85.53,934.71,0
12.99,31.33,42.94,50.55,23.32,819.47,0
47.57,84.68,49.21,53.18,30.4,731.85,0
22.69,37.88,8.35,72.24,51.88,308.25,0
66.98,82.16,83.71,57.79,7.61,678.61,0
43.72,44.24,17.03,6.96,96.12,1760.92,0
83.27,75.35,41.06,80.4,49.11,222.29,0
70.03,13.53,84.03,92.28,19.04,1917.43,1
31.24,92.47,45.78,5.33,27.08,232.84,0
83.23,48.06,93.12,12.12,79.81,736.82,1
80.48,25.98,20.93,70.2,63.4,1220.49,0
38.75,24.15,71.52,60.45,46.46,1678.93,0
28.83,26.51,97.8,38.25,33.16,304.29,0
68.25,36.67,54.96,53.92,90.07,299.38,1
13.98,71.75,69.22,70.33,77.26,1264.19,0
19.99,94.96,39.32,50.45,71.81,599.64,0
0.74,66.9,75.13,14.02,44.6,1296.11,0
78.69,54.72,90.89,8.94,98.12,1644.75,1
66.49,44.86,70.31,43.89,71.01,172.2,0
70.52,82.82,93.59,92.29,42.36,1692.1,0
78.07,84.97,58.87,55.78,96.06,94.42,1
45.89,29.3,57.71,35.82,89.57,1799.68,1
56.87,95.34,30.46,90.87,74.0,1951.72,0
13.98,39.51,70.96,38.86,76.7,1341.56,0
11.45,80.01,88.2,50.91,42.36,1968.83,0
66.84,96.68,64.63,11.65,50.74,1647.54,0
47.11,70.37,23.3,73.74,19.15,107.84,0
56.52,16.16,54.41,70.03,59.54,27.55,0
76.5,58.61,75.59,79.42,36.99,61.18,0
63.47,11.88,93.94,32.52,34.74,914.78,0
55.36,78.91,15.66,43.61,94.82,1254.3,0
55.92,28.13,12.75,16.83,16.48,973.31,0
30.4,69.52,41.29,96.45,83.0,1360.72,0
3.08,91.01,12.56,8.61,28.15,910.21,0
43.67,18.1,98.04,64.9,2.87,104.28,0
21.46,39.29,42.43,70.53,4.05,467.81,0
40.85,64.71,53.36,15.77,42.92,1985.4,0
85.34,41.97,22.71,36.53,45.45,704.81,0
23.39,17.48,44.91,4.31,32.03,663.04,0
5.83,2.91,98.47,55.66,66.88,322.53,0
28.14,40.66,48.87,99.49,48.53,1974.54,0
29.36,64.92,0.88,42.99,7.41,476.31,0
66.19,57.4,24.25,99.0,34.81,1300.72,0
55.7,15.62,97.85,12.62,10.2,103.25,0
78.39,45.07,98.91,39.25,6.29,151.62,0
66.43,36.95,21.05,90.2,20.83,1439.17,0
40.64,27.42,61.53,87.67,70.06,1277.63,0
81.4,72.93,7.69,32.36,69.6,1366.72,0
16.7,30.97,57.74,67.86,86.14,477.32,0
2.27,54.01,12.59,88.62,75.64,1970.08,0
9.0,92.32,81.87,76.69,53.55,1125.58,0
72.24,53.93,93.96,62.85,31.26,1939.71,0
46.19,61.7,17.3,15.26,0.58,345.06,0
16.13,7.32,46.27,7.3,64.71,822.1,0
50.1,17.81,10.2,61.46,28.97,684.66,0
15.23,10.1,33.91,50.03,25.01,1515.05,0
69.63,76.48,6.51,23.8,97.48,1500.19,0
44.62,83.59,26.45,29.28,17.42,983.36,0
38.1,18.65,99.02,39.21,3.24,51.97,0
30.15,21.93,4.46,49.55,94.94,366.91,0
63.03,32.32,85.9,39.03,30.6,119.53,0
36.18,59.11,7.75,38.73,39.34,1697.09,0
8.76,62.18,52.9,11.57,8.09,593.75,0
11.8,68.68,45.21,86.56,40.41,253.49,0
96.19,90.52,93.16,60.92,97.22,721.26,1
90.86,29.5,19.9,14.61,69.4,173.03,0
69.97,65.88,17.97,42.39,47.38,1958.14,0
26.59,55.97,74.87,41.67,30.75,643.72,0
96.92,30.58,72.57,60.06,36.6,1867.47,1
77.88,90.74,69.92,60.89,61.12,1371.8,0
71.69,9.55,2.61,64.52,25.45,1140.89,0
44.94,71.2,26.0,69.79,15.19,961.48,0
27.22,72.79,83.99,10.34,69.62,1381.01,0
9.64,91.53,60.09,30.49,86.95,1378.83,0
90.26,51.86,60.22,1.73,90.15,40.83,0
45.58,32.16,29.59,45.46,84.14,1817.41,0
20.24,82.77,26.02,42.94,53.06,748.57,0
30.6,77.08,94.66,73.43,78.88,719.48,0
57.92,50.03,72.78,16.71,92.64,825.05,1
17.68,76.79,12.69,63.15,2.34,1376.86,0
85.66,26.79,93.77,30.67,41.21,764.52,1
75.85,58.95,58.24,38.19,20.41,760.19,0
71.95,86.52,33.34,71.93,99.68,145.66,0
43.21,31.8,39.71,7.15,92.96,844.95,0
62.73,48.35,72.54,34.28,80.22,315.97,0
58.41,95.1,37.63,39.13,29.59,1714.07,0
64.98,79.82,57.87,71.57,95.21,682.33,1
8.44,88.7,71.05,19.92,2.93,1922.52,0
41.58,38.52,19.54,94.74,18.8,1375.37,0
4.16,99.65,94.42,99.78,61.69,1517.18,0
49.4,15.26,35.62,81.89,79.3,1896.55,1
32.99,51.88,41.94,29.97,88.36,493.09,0
14.45,47.93,69.85,66.39,30.05,1143.24,0
10.34,79.84,60.88,8.31,39.08,100.64,0
58.76,90.86,44.01,87.13,45.48,219.5,0
17.06,73.11,64.97,51.6,2.7,745.84,0
92.51,62.68,90.28,17.64,86.4,1371.35,1
58.11,42.74,80.03,32.74,33.79,1666.75,0
34.69,51.03,82.43,80.07,19.93,527.68,0
59.09,50.93,25.84,87.02,40.92,1503.17,0
2.28,2.04,41.94,51.97,71.06,464.1,0
95.86,50.3,55.38,48.03,87.09,31.99,1
48.23,85.6,4.42,75.07,21.54,127.74,0
78.27,70.93,76.98,82.62,17.26,1179.41,0
8.27,79.57,32.35,76.48,94.38,1004.35,0
48.67,39.05,28.26,38.44,55.09,555.44,0
49.07,52.9,25.93,64.19,36.58,32.96,0
93.78,3.35,28.34,85.74,19.93,1144.66,1
57.17,38.3,33.8,15.18,99.52,1638.86,1
47.35,47.44,60.48,38.81,71.92,155.72,0
26.7,25.52,58.36,5.66,21.79,1478.22,0
33.16,3.12,25.57,40.89,9.13,1276.39,0
52.07,69.04,20.64,77.23,19.93,969.12,0
43.89,43.51,82.64,19.7,24.77,115.72,0
2.16,41.57,9.27,54.19,11.11,1848.67,0
82.63,25.0,51.28,3.66,22.97,965.33,0
89.62,53.78,52.06,89.76,11.68,811.22,0
14.02,43.8,57.41,82.0,37.77,1725.72,0
55.4,47.4,88.57,52.44,48.62,1694.24,0
10.86,58.09,62.39,70.58,45.53,1459.98,0
67.22,0.63,97.36,10.39,82.92,1662.13,1
28.12,90.77,87.14,84.52,25.4,266.17,0
65.94,7.11,21.47,71.53,88.71,1526.61,1
72.7,45.09,24.12,12.0,90.81,669.51,0
76.86,20.74,34.48,98.07,95.98,1737.64,1
10.77,52.38,39.15,2.25,18.1,753.06,0
91.6,28.02,55.3,62.85,24.58,127.52,0
23.02,86.0,23.25,17.18,62.38,840.47,0
3.74,39.64,22.23,71.93,14.09,1518.42,0
55.49,63.88,38.14,7.04,8.56,1011.85,0
37.09,24.89,67.2,8.11,7.37,1532.0,0
82.98,1.94,68.81,46.63,60.61,89.84,1
80.83,40.42,97.61,99.4,80.47,370.79,1
31.71,53.65,20.24,27.65,25.89,1135.94,0
95.29,45.95,39.29,61.25,93.35,782.92,1
29.09,96.2,96.47,51.86,79.19,1366.75,0
51.51,70.68,69.0,84.21,7.75,1925.86,0
25.6,99.57,59.23,28.86,40.73,1326.53,0
93.6,29.51,53.96,55.49,6.8,846.38,0
16.46,78.91,7.55,95.06,91.52,1093.88,0
4.49,55.56,89.34,33.26,74.28,1827.4,0
43.51,61.18,62.55,43.94,68.65,1352.52,0
99.24,98.59,57.17,88.88,68.27,1610.3,1
89.17,65.4,53.95,33.25,28.52,617.01,0
74.86,89.88,39.19,38.07,93.35,1493.76,0
89.08,72.58,25.47,30.41,92.28,296.07,0
89.34,12.74,75.53,80.95,73.95,1504.56,1
51.89,69.94,50.96,93.04,46.89,1765.49,0
31.59,48.43,3.39,63.11,4.71,1802.46,0
77.2,91.88,39.91,62.36,2.83,250.85,0
66.17,80.68,92.86,39.0,13.81,1663.17,0
37.37,10.41,37.39,1.25,59.58,237.67,0
9.45,13.39,41.32,17.39,79.81,967.23,0
74.68,6.96,62.4,14.74,94.85,1371.39,1
26.25,49.32,80.17,11.59,17.54,978.81,0
93.68,8.08,66.85,65.4,27.55,693.02,1
24.1,72.37,85.01,13.63,5.41,1373.97,0
12.28,55.24,11.4,8.56,98.9,1328.54,0
83.11,83.59,92.46,38.26,78.09,1174.13,0
15.33,27.98,90.39,24.9,48.07,1066.29,0
17.93,51.91,51.91,14.59,57.56,1417.37,0
59.94,11.75,62.47,14.61,56.22,818.01,0
87.46,88.46,21.28,25.62,25.44,156.16,0
19.64,17.5,44.79,53.68,18.54,1084.16,0
31.03,10.24,20.27,75.81,29.7,1452.44,0
77.74,20.51,2.2,85.28,24.72,612.34,0
97.18,80.62,98.09,75.14,55.75,298.69,1
50.07,10.58,25.91,62.82,30.82,1825.45,0
14.39,61.44,59.31,90.76,72.89,1730.22,0
1.39,74.62,30.03,51.97,56.79,1244.5,0
22.97,75.11,37.06,63.34,53.23,1577.48,0
13.18,19.01,39.78,41.16,95.13,1938.23,0
67.77,6.16,33.5,32.74,32.24,1147.13,0
12.18,44.88,63.74,33.17,63.53,503.48,0
50.63,20.25,96.09,14.83,0.01,1284.85,0
69.43,69.93,42.86,79.66,73.69,1830.9,0
58.11,35.67,97.33,5.54,50.25,1386.49,0
19.98,44.94,66.78,67.47,20.84,71.96,0
80.41,11.35,60.71,86.45,0.15,1835.92,0
71.54,56.76,23.71,49.74,70.69,1512.28,0
73.9,18.55,6.29,7.02,66.27,815.63,0
13.11,67.9,85.19,42.84,66.54,1975.23,0
12.38,7.12,57.4,34.32,43.75,1448.93,0
92.76,97.59,41.44,98.55,63.93,1654.37,0
39.76,68.45,81.2,69.13,57.13,1887.47,0
30.09,18.17,31.06,72.14,23.89,98.37,0
48.86,1.41,78.36,51.58,51.88,1553.35,1
66.29,33.45,32.8,70.94,51.46,784.97,0
95.56,15.28,92.09,72.26,82.36,1740.77,1
28.64,21.84,26.8,6.64,43.35,1760.21,0
92.48,87.28,13.76,22.26,43.61,1660.66,0
2.49,60.32,69.81,1.3,98.44,1562.82,0
55.52,17.65,16.28,50.98,89.45,1592.68,0
63.4,55.67,94.94,87.58,24.23,607.17,0
10.59,25.58,65.56,60.96,91.03,824.93,0
14.03,97.62,23.09,50.02,13.8,247.81,0
41.91,3.28,20.88,92.6,85.34,1664.57,1
96.62,73.23,92.39,17.22,18.33,1299.09,0
59.6,77.3,60.79,7.46,42.56,1233.18,0
93.3,6.72,89.37,91.73,98.39,507.23,1
80.44,17.19,11.02,90.28,9.7,1237.77,0
46.74,38.43,92.54,68.3,83.98,920.01,1
78.48,86.82,52.0,24.6,49.47,1990.63,0
1.78,53.7,66.84,96.98,11.1,1728.88,0
10.91,65.53,37.29,76.53,95.25,1061.45,0
82.94,78.3,5.91,67.39,54.92,1620.74,0
79.68,82.81,95.8,22.29,88.06,345.72,0
23.26,47.63,99.46,51.31,86.91,220.77,0
53.08,50.88,36.45,82.26,1.46,1268.69,0
60.6,71.8,94.39,86.03,26.48,1459.04,0
86.77,26.33,16.77,56.14,33.69,125.05,0
60.31,85.45,15.47,52.28,53.49,417.91,0
41.26,2.08,7.31,69.77,7.19,1083.79,0
37.42,19.58,39.13,52.82,38.9,144.38,0
42.59,80.02,5.23,41.77,81.46,859.62,0
65.19,34.03,39.47,8.54,17.32,974.52,0
86.75,14.98,13.84,12.6,70.13,1845.18,0
45.39,18.68,73.05,76.03,46.03,645.04,0
24.78,53.08,83.34,2.47,7.07,353.96,0
23.67,84.62,68.78,5.23,17.74,34.87,0
74.6,7.07,20.05,90.46,14.1,260.78,0
81.66,3.05,76.68,70.4,61.97,1506.71,1
10.53,46.52,24.95,0.42,8.73,900.95,0
6.66,95.62,75.95,31.2,82.3,413.48,0
59.44,27.9,56.74,76.33,80.67,1867.39,1
14.62,95.92,36.67,41.76,8.01,1579.33,0
82.47,88.77,8.35,46.88,88.82,246.44,0
31.03,28.31,82.75,45.88,95.92,552.54,0
14.39,81.69,93.97,20.21,4.35,1701.89,0
92.1,68.59,66.59,72.14,95.03,1391.01,1
16.55,51.18,96.45,10.3,27.95,1892.18,0
28.47,42.29,93.41,50.73,66.48,170.97,0
15.36,81.55,19.46,17.0,17.48,1555.31,0
11.55,79.31,73.12,4.65,81.75,171.29,0
2.11,75.69,34.93,14.32,84.19,686.59,0
5.54,99.83,48.75,86.93,97.83,1506.32,0
17.46,47.85,15.7,17.61,99.25,1427.8,0
5.34,80.69,97.48,27.84,7.59,24.19,0
59.11,86.25,72.61,13.81,65.8,419.85,0
68.07,21.16,26.69,73.55,27.3,1561.58,0
39.36,4.21,37.15,44.54,12.56,269.77,0
31.8,40.47,42.25,94.36,14.88,666.23,0
50.45,85.67,74.75,66.43,93.64,384.1,0
87.5,28.91,92.57,53.14,68.36,240.68,1
85.11,70.0,32.14,65.66,5.05,1676.52,0
4.35,0.73,47.25,4.04,98.42,141.46,0
18.15,35.54,59.32,95.07,80.78,1081.38,0
23.67,61.55,39.33,95.64,30.92,1391.49,0
24.94,12.98,50.42,27.61,47.09,134.03,0
57.12,89.66,10.57,62.83,72.66,1274.19,0
41.63,15.63,16.77,20.19,67.6,681.45,0
4.93,90.98,40.11,54.75,46.31,1670.42,0
37.36,21.64,91.49,77.08,51.24,1599.37,0
52.38,99.43,34.94,93.98,4.32,1591.93,0
10.17,60.47,24.98,33.92,50.06,809.35,0
83.35,8.43,74.29,69.35,34.02,1648.65,1
5.2,6.53,94.91,71.64,28.51,1267.36,0
92.48,7.49,45.91,22.11,26.96,769.79,0
9.91,58.99,0.86,62.9,64.89,179.73,0
84.36,80.96,68.81,65.54,42.93,152.3,0
90.27,40.3,41.51,76.41,42.58,517.78,0
97.96,44.48,67.36,99.99,15.92,613.18,1
80.2,58.93,27.77,4.02,96.19,1856.51,0
77.95,53.3,0.24,20.23,22.39,1999.88,0
64.25,68.81,34.45,14.51,40.61,304.47,0
77.9,47.18,70.48,15.44,19.02,1886.68,0
13.46,71.39,39.31,45.42,70.31,1418.95,0
53.61,99.73,21.92,87.85,43.61,1007.24,0
51.42,35.03,46.4,44.87,41.36,1910.28,0
85.76,1.22,75.23,66.85,87.51,1433.11,1
46.28,12.56,11.94,37.65,75.95,1195.44,0
38.51,55.35,69.18,31.97,51.99,434.86,0
63.96,34.43,66.73,83.42,46.86,504.0,0
26.65,94.0,37.07,65.55,95.99,1824.77,0
13.98,62.74,97.03,35.09,95.65,445.78,0
47.79,52.04,89.47,91.42,70.48,83.97,1
41.69,79.8,31.62,49.85,76.01,547.13,0
23.26,25.86,3.11,18.83,89.91,971.5,0
36.75,81.97,30.83,48.32,96.43,776.29,0
36.64,0.31,20.47,67.47,8.23,1872.89,0
32.75,61.97,54.73,36.71,99.73,848.78,0
37.95,93.48,91.87,84.38,70.3,1780.32,0
68.57,78.79,87.03,53.31,59.27,1197.43,0
29.69,85.36,30.58,46.78,41.32,1057.77,0
94.89,39.7,42.86,85.87,33.64,337.19,0
91.63,82.42,3.65,46.29,80.42,556.64,0
48.09,55.08,54.42,41.44,65.44,1736.99,0
32.84,61.85,6.34,10.37,20.07,1564.32,0
53.54,5.89,93.86,36.25,60.99,905.9,1
84.86,20.16,86.69,39.7,14.12,1819.86,0
65.26,55.1,21.42,18.06,49.69,1641.97,0
80.44,5.88,69.94,58.78,58.35,241.93,1
53.27,74.14,56.8,14.38,63.57,1219.74,0
63.29,84.01,80.14,22.37,14.53,1601.71,0
28.82,92.04,47.57,56.11,9.56,1620.52,0
73.49,10.18,19.18,26.9,25.87,200.86,0
20.24,93.97,63.98,63.97,60.7,464.73,0
69.48,6.76,8.03,69.05,93.17,837.82,1
86.07,47.41,58.46,30.13,77.91,518.23,0
13.21,84.03,21.27,8.74,74.57,235.7,0
61.44,7.03,68.49,48.95,33.02,1265.02,0
9.51,1.82,82.8,9.29,11.17,1024.8,0
72.57,2.49,10.95,51.52,89.19,326.88,1
8.45,51.13,40.03,72.62,50.09,1181.04,0
93.59,81.16,73.35,62.03,10.05,142.79,0
13.74,12.74,16.37,44.83,53.5,778.42,0
95.89,12.46,56.65,94.59,67.54,1589.19,1
80.09,56.85,67.18,10.17,31.99,1782.3,0
59.37,23.43,35.48,88.0,0.92,505.56,0
78.26,73.02,83.2,80.01,62.16,1721.83,1
79.51,94.96,51.07,41.97,4.01,1785.68,0
94.6,76.6,62.7,15.29,43.28,1221.63,0
25.34,87.72,14.09,15.59,82.48,1964.71,0
59.01,51.96,2.32,92.18,99.88,507.43,0
9.5,83.23,5.07,23.37,37.03,156.57,0
61.62,18.29,90.39,87.41,2.01,1690.02,0
17.13,6.83,88.26,50.33,49.29,992.04,0
56.5,65.6,80.76,46.17,27.63,705.98,0
57.24,5.2,19.96,61.95,89.28,129.36,1
46.6,89.25,52.55,21.5,71.15,147.96,0
52.26,69.16,79.61,42.84,40.43,199.62,0
76.39,95.22,67.47,93.85,76.2,383.61,0
79.92,31.39,11.55,23.83,34.12,1941.39,0
49.22,48.62,89.55,92.16,52.18,577.18,0
59.96,74.17,16.07,99.42,92.28,1637.75,0
93.12,24.28,17.18,5.19,20.02,58.44,0
11.97,54.18,90.1,53.14,31.31,657.19,0
11.71,65.95,48.46,17.18,88.56,1814.26,0
8.77,97.88,37.29,62.17,46.19,386.38,0
65.79,74.47,55.37,98.95,31.79,582.37,0
41.86,11.81,98.14,89.69,3.73,1656.5,0
77.43,47.53,11.96,92.48,41.9,260.36,0
67.12,58.88,75.69,21.33,50.06,125.3,0
33.36,14.66,33.43,54.23,40.63,1932.63,0
89.84,43.2,11.7,23.48,27.75,821.49,0
76.25,28.4,42.19,89.94,36.91,1322.59,1
27.05,11.88,54.88,19.12,64.24,271.69,0
36.42,51.2,20.6,15.4,89.13,455.95,0
31.44,16.56,40.53,1.22,64.97,930.76,0
15.76,59.05,63.57,18.19,64.62,1356.8,0
14.78,16.97,57.64,18.98,81.69,600.63,0
93.61,72.36,72.32,7.75,16.51,1771.57,0
43.79,19.52,83.64,86.77,30.11,1566.67,0
38.33,89.63,40.91,78.0,5.06,1112.08,0
72.97,2.62,42.3,25.45,34.96,929.24,0
55.3,52.2,49.67,78.33,99.88,1246.69,1
93.61,32.01,56.64,42.22,32.93,1468.69,1
78.03,22.51,10.83,77.55,85.98,287.2,1
47.94,47.16,31.26,32.3,8.58,1708.23,0
37.64,84.2,17.19,56.47,45.97,989.02,0
98.66,91.53,38.59,38.16,35.15,1871.98,0
71.78,30.32,97.34,18.77,20.16,1911.97,0
95.12,15.42,58.27,58.56,37.25,80.82,1
11.85,72.01,42.94,75.08,65.13,781.27,0
85.05,58.2,56.59,75.31,49.03,1061.92,1
63.71,20.1,66.91,35.63,84.43,1088.4,1
12.19,76.03,43.5,51.87,90.49,1648.34,0
58.83,51.89,44.77,76.38,48.19,299.39,0
68.61,65.34,70.14,5.45,98.17,1252.52,0
1.23,35.93,6.09,7.19,7.2,1886.34,0
45.43,43.91,54.01,37.62,27.63,1993.45,0
82.54,18.03,54.73,22.35,41.67,39.97,0
29.54,75.65,75.68,37.46,58.27,1945.68,0
45.85,15.7,98.26,9.38,54.59,261.98,0
44.23,77.83,79.58,59.2,56.8,1083.16,0
30.19,79.8,50.38,67.17,89.63,507.81,0
91.84,74.66,16.95,79.18,27.76,1220.65,0
78.13,1.94,58.83,65.05,81.69,93.31,1
11.06,27.31,83.43,39.64,55.8,491.9,0
99.7,46.83,93.24,93.49,49.05,615.14,1
87.92,59.55,82.53,72.63,29.94,1832.9,0
28.39,91.92,18.9,52.77,30.41,1175.59,0
83.69,37.56,71.26,20.69,38.85,1422.26,0
10.64,87.5,88.02,64.9,76.35,1358.51,0
99.91,16.34,68.1,59.17,47.67,796.73,1
66.57,37.13,68.58,68.33,15.38,47.76,0
65.01,5.23,50.02,78.11,75.99,231.9,1
9.04,74.25,63.7,91.5,66.34,928.44,0
89.7,15.07,29.44,94.91,94.92,1883.76,1
2.9,25.7,8.88,63.02,52.94,512.54,0
24.08,77.52,82.77,96.6,65.44,1402.67,0
14.3,53.47,94.31,91.14,47.93,1656.66,0
77.68,1.4,85.68,0.26,68.08,1815.43,1
19.82,0.22,33.39,63.76,43.61,601.1,0
91.06,51.07,9.35,17.85,13.79,1863.94,0
65.63,30.5,28.01,29.52,98.67,1223.8,1
3.62,18.03,84.28,29.75,72.04,1026.65,0
0.54,61.36,65.58,48.31,60.86,1561.22,0
5.17,22.84,96.67,1.09,48.14,492.65,0
60.59,59.22,34.27,23.58,71.14,1628.91,0
80.15,37.93,55.15,2.91,12.68,1306.93,0
23.86,18.67,79.0,65.06,32.61,1602.74,0
84.94,13.81,23.4,88.93,12.47,1714.33,0
5.72,23.69,96.41,99.78,12.6,1242.35,0
80.1,2.98,59.24,44.86,2.13,92.74,0
92.78,30.81,0.79,26.01,75.59,609.54,0
77.21,90.2,2.52,85.31,22.73,1758.48,0
69.81,83.14,88.22,11.32,83.2,1261.37,0
83.8,37.2,64.53,97.42,90.44,1782.31,1
4.02,57.58,76.31,71.48,16.86,781.37,0
20.18,56.74,78.4,50.39,70.89,1019.36,0
12.49,82.87,42.05,9.67,46.03,1727.93,0
50.45,23.63,79.86,1.82,91.9,1528.82,1
74.52,29.64,93.75,54.45,48.44,767.45,1
63.0,30.18,17.22,41.39,37.89,64.81,0
85.11,4.09,76.41,84.27,29.46,1763.07,1
15.52,31.47,30.78,64.23,90.36,1576.99,0
73.46,87.79,32.15,43.19,22.62,909.34,0
19.3,91.2,41.28,22.6,82.77,1101.56,0
27.08,10.96,86.37,48.04,19.42,424.54,0
70.99,45.81,2.21,16.3,64.34,835.96,0
98.02,38.13,43.39,66.7,45.11,343.13,1
61.15,48.94,68.0,60.57,10.46,436.93,0
5.45,55.47,11.04,81.01,12.59,1695.81,0
61.63,2.03,79.23,44.95,28.15,737.7,0
4.24,84.22,94.19,27.86,76.67,1633.15,0
88.41,97.37,9.09,83.64,72.89,958.32,0
70.96,65.34,15.29,69.1,20.51,160.14,0
17.31,66.05,97.41,70.67,47.62,735.82,0
9.17,52.8,19.79,52.81,9.7,333.38,0
18.35,33.43,7.89,87.6,71.59,1393.28,0
98.0,14.9,95.22,22.78,79.33,1824.56,1
45.86,58.41,89.26,40.17,89.35,1530.89,0
78.41,4.49,65.57,79.62,88.57,1561.31,1
63.64,82.45,55.14,13.3,33.79,1726.5,0
57.24,42.09,91.92,80.81,25.45,1557.8,0
14.51,41.48,65.55,35.26,89.66,1145.78,0
94.6,32.72,65.84,12.55,14.6,1434.27,0
30.13,96.94,84.37,7.91,5.93,843.59,0
57.8,17.49,65.32,84.3,31.42,160.16,0
69.98,15.13,50.37,77.86,76.03,1417.05,1
64.92,16.55,38.97,28.8,69.42,1448.89,0
94.06,65.85,50.31,11.64,98.71,462.97,1
14.84,99.19,52.25,24.72,35.95,1908.8,0
50.84,23.55,36.08,21.3,27.58,123.97,0
40.4,90.56,44.81,73.31,37.82,1477.2,0
47.42,27.86,80.19,21.56,78.23,1937.59,0
11.92,64.79,41.65,21.61,21.43,632.12,0
13.41,4.05,2.56,3.23,94.77,1826.68,0
27.81,49.57,28.3,59.69,51.25,1656.34,0
30.47,65.46,23.17,68.9,78.31,1493.34,0
42.79,53.63,79.36,65.35,82.73,1908.51,0
61.1,23.78,44.93,56.86,47.88,1315.03,0
63.46,82.85,28.03,96.61,74.14,999.86,0
41.18,97.01,81.07,47.27,36.47,1357.85,0
40.88,45.92,1.92,86.01,81.09,835.41,0
21.76,63.59,17.43,64.6,82.39,663.28,0
58.83,79.04,82.7,8.42,56.62,182.85,0
31.7,24.15,55.07,81.01,21.81,768.46,0
3.61,86.45,77.36,58.44,97.02,1610.33,0
41.84,28.02,83.82,65.35,94.7,1891.96,1
47.41,77.58,94.2,18.02,61.98,1950.8,0
22.56,11.21,6.34,43.75,98.39,428.92,0
57.25,28.84,79.92,88.06,50.28,1151.43,0
56.58,53.36,70.88,21.54,37.55,1159.98,0
70.2,52.49,20.7,0.01,46.05,368.57,0
64.79,85.04,93.17,25.75,4.59,1171.62,0
65.24,99.61,40.42,48.75,54.91,738.27,0
31.62,10.72,88.76,82.13,66.62,1885.96,1
78.74,27.14,60.51,64.33,10.95,525.3,0
54.91,35.76,52.67,91.91,25.56,1673.22,0
43.14,47.89,15.95,45.56,72.12,1795.77,0
62.6,49.39,91.43,39.08,79.36,1477.03,1
36.07,85.62,55.67,23.14,98.59,445.06,0
51.27,77.06,0.61,21.81,25.32,535.53,0
73.67,1.89,1.83,73.61,84.14,1942.81,1
88.64,45.5,77.76,8.04,17.21,170.14,0
92.11,61.81,16.19,24.27,13.09,251.83,0
50.36,46.04,59.87,88.59,72.92,1957.57,1
52.03,13.06,68.11,57.69,44.59,1558.25,0
79.99,39.75,27.94,4.66,79.39,1497.84,0
31.45,41.17,56.93,70.43,28.26,337.21,0
83.74,18.77,24.03,50.67,21.32,988.1,0
49.41,75.63,94.63,85.45,54.88,1684.71,0
11.59,32.14,86.02,68.24,11.53,671.16,0
7.21,58.9,28.8,0.44,27.87,401.67,0
84.2,51.57,52.88,20.57,16.62,41.67,0
5.56,87.74,50.06,25.8,32.0,1252.63,0
28.06,12.2,96.0,70.22,76.55,601.74,0
33.41,11.43,39.4,50.93,12.07,1730.07,0
17.3,30.03,56.22,74.74,61.19,581.37,0
31.39,43.12,92.87,51.29,58.48,320.12,0
74.27,29.85,16.28,32.74,53.81,1921.69,0
1.47,76.32,55.05,10.37,48.42,1930.26,0
82.72,24.53,10.57,20.26,66.39,1376.35,0
85.65,8.48,61.75,40.08,85.18,1858.2,1
37.23,41.38,36.57,55.15,16.2,340.43,0
15.36,77.34,96.76,93.86,81.41,931.47,0
60.08,85.06,41.54,23.97,6.15,424.23,0
11.97,73.33,13.62,66.61,48.21,967.99,0
36.49,55.79,83.4,15.25,51.15,1586.53,0
95.84,72.42,82.09,71.38,19.76,1692.96,0
99.55,68.14,69.49,1.13,8.97,28.25,0
77.21,23.44,74.88,65.59,7.49,791.22,0
31.1,55.08,26.47,16.32,3.72,1988.26,0
68.77,77.06,64.21,18.03,57.36,1186.84,0
70.54,31.71,3.8,55.89,15.55,606.47,0
38.78,65.4,19.69,37.54,80.87,790.21,0
64.09,48.15,93.23,47.13,89.9,658.68,1
1.07,50.32,73.92,30.89,29.24,906.24,0
20.91,9.01,23.07,95.35,16.45,900.08,0
52.51,66.62,11.14,29.07,40.96,1023.59,0
16.38,86.57,94.89,54.2,88.16,939.72,0
16.59,14.14,11.22,85.44,39.98,1041.91,0
83.63,36.61,25.71,66.42,10.83,75.42,0
98.91,4.87,18.26,32.28,98.47,127.77,1
55.6,2.96,0.75,55.24,49.97,754.87,0
83.91,98.97,31.41,8.3,34.24,1772.18,0
99.03,49.35,97.42,54.57,89.36,1585.85,1
14.16,35.55,34.19,43.14,92.74,238.1,0
44.82,27.49,50.43,75.79,49.68,999.77,0
39.26,98.0,74.59,84.79,30.67,1217.08,0
8.0,25.23,55.11,19.96,48.26,972.75,0
75.53,72.57,74.36,8.15,21.93,1401.18,0
43.38,28.38,66.16,39.06,47.82,1994.58,0
46.93,7.05,60.86,53.42,22.94,211.02,0
15.07,68.33,64.96,37.68,62.22,1040.76,0
18.09,0.16,79.92,62.86,75.99,1034.5,1
90.71,67.57,71.02,50.57,96.94,1133.51,1
4.46,25.04,79.18,93.66,84.26,350.6,0
23.29,74.61,14.56,40.94,8.61,1283.95,0
29.21,76.98,67.77,8.25,21.15,107.8,0
49.02,72.41,73.7,30.19,53.17,1487.42,0
58.64,2.45,30.0,60.59,25.76,1333.06,0
49.33,70.37,87.46,25.6,1.44,674.24,0
8.41,99.01,30.47,26.9,75.48,1978.2,0
24.37,24.26,24.38,33.96,35.78,1660.98,0
84.36,27.42,86.71,74.61,6.61,1088.28,1
63.76,81.35,24.7,94.01,50.88,1981.21,0
64.91,16.04,41.55,35.04,97.72,1663.58,1
67.02,66.06,36.79,19.55,67.85,293.2,0
76.29,75.5,89.81,42.06,15.88,1190.3,0
5.81,3.72,45.52,35.18,51.43,1170.1,0
36.66,55.38,69.43,99.0,90.17,1312.83,0
53.95,57.59,79.4,46.39,5.42,1882.7,0
33.85,30.34,62.79,67.93,63.79,994.22,0
84.45,87.63,94.37,91.38,72.13,173.22,1
48.26,16.27,80.25,62.91,70.4,969.08,1
76.86,36.42,40.02,24.94,15.02,1579.83,0
85.2,84.87,95.08,60.74,90.73,730.05,1
50.48,19.06,52.46,40.19,32.23,73.67,0
90.96,82.14,2.26,42.23,5.17,620.42,0
58.71,7.91,26.0,97.93,8.32,1370.66,0
85.03,48.92,62.17,27.86,45.76,190.3,0
34.06,7.53,15.68,46.89,4.0,764.41,0
49.88,67.79,58.41,15.99,77.96,283.6,0
53.14,79.06,36.16,17.85,86.58,962.34,0
10.5,84.99,53.44,60.35,1.34,300.2,0
39.86,98.13,0.19,75.1,81.0,235.89,0
91.73,67.2,84.84,63.65,98.12,1401.64,1
63.08,76.91,36.19,32.93,3.04,332.84,0
17.75,50.58,14.02,5.96,72.5,326.5,0
33.89,91.27,43.79,47.03,99.91,1193.19,0
19.16,64.38,48.62,50.43,79.71,106.32,0
2.48,88.36,63.74,77.07,50.54,85.33,0
92.75,23.55,52.46,64.03,88.48,874.26,1
44.82,49.67,4.35,87.13,70.79,742.89,0
30.75,72.98,87.15,78.3,29.25,1098.35,0
59.85,20.27,45.65,36.59,22.43,1987.1,0
0.73,21.13,7.7,63.22,51.25,880.72,0
27.8,97.8,77.28,74.73,37.3,1160.6,0
70.3,43.46,66.02,95.69,32.95,1840.1,0
63.38,18.18,64.94,42.24,17.79,976.69,0
98.18,33.15,42.69,64.83,84.53,1566.62,1
62.04,39.74,41.05,39.27,70.5,1106.33,0
47.75,62.31,53.63,73.78,33.13,1281.67,0
76.14,92.3,5.06,91.2,23.77,1866.35,0
90.33,98.66,29.9,91.92,12.81,21.39,0
72.07,65.17,98.79,15.71,11.25,1803.86,0
96.32,69.99,66.22,20.41,62.55,1005.43,0
78.2,32.18,41.89,75.49,10.88,1221.39,0
86.68,85.72,22.24,63.1,96.02,911.11,0
11.41,21.78,74.52,90.51,27.91,536.62,0
73.24,10.64,26.03,31.38,2.58,150.69,0
44.01,97.33,16.24,84.8,85.53,1891.35,0
55.31,86.41,15.45,68.38,36.76,1255.27,0
65.41,30.36,72.93,19.55,34.3,1749.47,0
96.98,67.52,64.28,12.65,11.86,595.8,0
98.46,46.7,6.98,70.27,66.04,570.44,1
28.82,32.31,11.5,15.85,35.88,684.85,0
73.38,28.68,63.38,79.43,82.3,477.46,1
75.0,13.6,57.11,55.71,63.06,1005.98,0
34.65,54.93,68.6,47.69,87.99,1873.76,0
12.39,44.66,17.8,27.55,62.26,1754.6,0
4.09,51.22,72.66,98.38,77.93,1000.3,0
77.73,21.54,93.61,72.22,69.65,710.55,1
48.97,93.86,60.11,77.81,46.26,1231.14,0
98.55,63.86,19.61,76.87,68.87,1232.27,0
46.5,89.96,67.95,58.4,66.36,1373.85,0
97.79,10.93,34.31,93.97,0.67,1080.49,0
41.16,62.29,4.93,58.38,69.86,72.98,0
79.37,84.95,30.23,52.0,26.22,170.57,0
8.48,33.09,90.56,27.37,54.18,1948.07,0
55.55,19.51,41.11,28.17,11.13,1497.55,0
80.21,26.5,86.47,73.69,2.3,1897.53,1
92.47,27.29,50.87,33.48,1.51,692.26,0
82.26,44.72,51.7,72.87,15.82,1079.2,0
3.7,32.6,0.52,95.27,1.99,657.46,0
37.27,27.13,63.71,43.93,13.24,1819.69,0
4.87,64.85,10.78,9.73,55.92,589.71,0
10.93,5.3,47.87,66.65,40.03,1393.75,0
67.53,34.04,26.03,0.95,98.07,366.61,0
71.33,68.98,39.24,78.7,80.87,228.4,0
77.37,17.58,53.71,52.57,14.68,328.16,0
86.55,22.09,1.45,48.97,41.68,1068.32,0
73.94,20.07,28.46,56.94,43.1,1692.19,0
80.09,0.09,98.96,51.64,36.21,1998.57,1
4.9,47.38,5.74,32.38,49.56,1252.91,0
23.45,3.9,31.94,28.15,66.99,1076.53,0
62.19,27.29,32.14,41.53,64.09,1578.03,0
85.81,99.48,37.94,89.49,35.71,146.21,0
0.45,91.84,68.48,13.54,70.5,1622.61,0
51.46,21.51,24.77,32.48,28.95,1521.59,0
67.73,31.0,46.03,19.23,83.55,1068.49,0
2.96,46.37,64.49,42.71,96.44,65.51,0
40.14,84.44,32.23,13.35,29.47,420.35,0
89.56,80.26,94.88,76.08,78.47,752.03,1
67.16,12.62,97.97,10.35,81.34,1883.62,1
23.77,12.44,11.97,66.53,49.08,1284.21,0
85.28,41.67,34.38,26.77,8.77,1029.98,0
34.8,87.01,20.8,47.22,78.62,987.08,0
85.33,88.21,18.68,20.0,40.75,1564.35,0
29.89,10.74,49.1,73.02,20.81,660.79,0
59.03,57.43,56.38,94.83,62.67,207.16,0
39.69,15.57,42.57,22.17,43.69,1360.55,0
27.48,68.61,27.26,95.32,8.76,671.45,0
88.66,91.64,27.86,32.53,98.37,664.67,0
18.76,45.48,99.21,55.78,24.47,920.34,0
8.48,8.31,92.37,70.16,51.1,500.61,0
34.19,57.93,7.59,19.93,66.73,1844.97,0
71.76,40.85,65.66,44.48,11.51,1697.0,0
80.74,81.09,45.69,6.78,73.94,1982.35,0
99.87,34.03,68.88,69.71,64.83,1929.81,1
29.64,87.49,59.7,41.66,49.38,642.62,0
40.79,27.37,88.93,89.16,52.83,773.58,0
13.68,15.75,6.7,27.4,95.48,1402.55,0
57.49,30.65,34.96,92.36,91.09,51.37,1
99.76,3.49,98.55,14.1,11.2,1987.9,1
70.09,28.12,18.23,60.7,36.88,41.47,0
59.52,66.01,12.73,30.78,51.68,1072.34,0
39.24,14.23,72.9,18.18,92.0,1344.03,0
91.53,11.14,77.74,9.39,81.66,1830.01,1
49.69,13.24,67.23,65.56,38.65,1295.39,0
13.44,7.76,77.62,23.32,88.62,1202.0,0
36.54,87.46,69.37,57.28,37.82,614.71,0
6.72,94.41,13.58,97.94,27.12,1190.02,0
20.2,4.66,60.82,31.6,60.99,1504.41,0
1.77,76.01,77.69,3.49,35.59,1040.87,0
45.33,73.72,86.55,14.28,62.24,1563.68,0
63.45,99.69,24.62,11.93,40.97,157.83,0
34.33,34.79,12.74,46.33,79.58,684.05,0
42.04,28.55,78.11,74.47,95.43,1920.43,1
95.92,45.31,25.65,29.64,27.03,660.42,0
75.2,85.66,3.19,14.58,51.0,1251.27,0
54.09,72.86,82.52,64.08,72.44,1049.37,0
28.45,47.16,50.6,30.12,15.85,1874.52,0
89.7,24.46,32.66,57.52,79.59,342.29,1
23.51,72.7,1.14,93.38,58.3,612.79,0
32.53,85.45,3.53,29.13,14.97,1727.51,0
90.91,40.0,79.26,51.25,86.82,1339.08,1
52.95,66.86,48.97,80.68,42.67,1095.24,0
74.23,40.02,14.97,69.17,17.66,801.9,0
59.07,47.85,35.85,75.15,19.54,834.4,0
65.34,52.49,16.53,77.26,78.55,1871.15,0
29.94,77.57,11.29,53.99,93.57,1348.73,0
24.14,97.75,27.63,53.61,37.82,1859.61,0
32.25,44.44,54.95,71.89,7.88,1944.93,0
15.54,34.23,21.0,69.76,10.08,1103.08,0
87.43,37.36,34.37,67.01,65.45,1227.58,1
28.32,13.39,47.79,38.21,37.08,1319.6,0
56.15,29.69,42.0,82.85,42.61,1681.55,0
79.2,8.64,12.86,23.62,33.7,1324.96,0
78.38,42.79,3.89,15.57,46.55,247.0,0
43.84,16.74,3.55,34.52,64.35,1886.01,0
47.63,34.64,35.02,25.38,54.11,1328.65,0
99.47,79.36,71.88,66.32,16.42,1742.44,0
67.46,24.59,13.13,23.1,49.13,860.98,0
81.46,61.19,78.7,65.65,46.06,959.94,0
90.26,90.12,71.57,51.32,54.57,1383.94,0
78.76,56.69,0.39,15.25,11.07,1557.28,0
18.52,19.38,2.67,25.84,15.35,175.35,0
56.22,34.48,19.5,52.17,53.02,826.54,0
10.19,59.04,5.61,73.31,27.54,1544.32,0
65.29,50.66,53.13,39.83,62.9,1984.63,0
95.53,14.86,3.96,23.28,37.28,43.05,0
51.27,44.68,80.26,29.51,22.07,544.32,0
43.3,54.31,49.3,9.51,65.64,940.4,0
3.58,26.73,72.8,2.51,39.39,461.42,0
95.98,61.24,75.07,97.31,15.76,73.31,0
10.3,7.02,50.68,9.64,80.88,1088.3,0
4.11,33.66,92.54,12.49,43.18,1305.81,0
24.61,80.43,99.02,87.1,91.51,843.8,0
6.55,25.93,35.92,66.35,19.34,752.36,0
45.51,60.52,12.59,43.61,87.64,1971.51,0
51.61,41.0,36.32,64.9,81.59,965.51,0
31.26,31.65,22.34,93.5,10.39,1600.18,0
5.1,91.61,53.1,9.94,53.17,588.6,0
11.16,34.33,37.84,24.37,65.37,1663.77,0
38.45,23.67,48.04,86.03,49.55,1650.93,0
6.05,90.93,76.32,78.06,39.03,550.05,0
69.82,74.59,27.4,99.43,94.38,1318.59,1
20.7,68.18,53.75,31.39,70.08,1370.39,0
30.21,4.95,33.52,94.49,96.59,896.38,1
39.41,13.12,78.5,34.37,84.62,1552.08,1
41.66,63.83,63.95,71.51,81.71,627.63,0
0.17,20.94,0.85,88.27,72.56,978.86,0
11.21,22.56,66.01,17.08,64.61,1980.5,0
86.28,77.91,17.02,20.56,88.69,373.78,0
0.12,28.59,72.45,58.1,61.34,312.61,0
50.82,7.16,56.73,84.38,7.53,301.55,0
48.95,3.64,40.15,7.89,58.26,1996.26,0
33.31,44.32,69.41,85.09,10.28,336.63,0
43.13,61.71,85.66,34.31,94.93,396.67,0
78.06,86.89,77.87,40.62,64.67,1395.68,0
84.12,11.08,54.54,33.99,55.56,1523.8,1
26.03,19.67,72.27,91.15,19.78,1063.58,0
32.25,52.98,41.39,13.08,51.58,1965.68,0
24.25,36.41,78.9,57.43,34.25,97.04,0
47.99,48.25,82.91,14.81,67.54,1249.23,0
68.33,92.41,13.73,92.86,60.44,1220.81,0
22.83,54.49,23.8,79.79,49.93,656.06,0
33.07,41.51,27.0,23.38,25.27,1800.89,0
93.04,98.94,16.61,29.78,52.57,1114.71,0
4.86,6.52,39.25,38.15,46.17,507.75,0
46.08,93.21,19.3,40.54,85.13,194.95,0
71.16,50.17,59.55,81.73,89.43,232.1,0
15.05,50.38,10.16,56.45,75.92,1796.71,0
4.74,92.2,26.99,42.79,31.96,515.61,0
13.82,50.73,66.55,71.94,3.81,1815.87,0
91.88,43.84,39.85,45.79,92.53,257.83,1
0.93,27.25,42.15,12.82,99.2,1968.19,0
18.83,65.88,79.79,10.75,12.7,1670.03,0
3.13,56.96,98.45,32.6,68.56,250.13,0
11.06,21.43,56.51,60.29,42.51,190.39,0
62.01,70.94,7.91,13.48,14.85,1610.81,0
24.16,64.41,10.29,55.01,99.81,174.57,0
56.92,39.73,96.85,26.96,93.32,539.12,1
59.02,0.44,67.92,69.54,98.26,1606.47,1
84.94,44.66,75.25,2.83,14.39,1817.01,0
0.47,0.61,67.58,46.9,49.19,1539.95,0
85.34,7.5,17.96,5.23,89.58,1781.99,1
61.91,43.06,44.84,33.05,67.52,1128.58,0
16.27,8.19,79.81,1.56,43.46,1563.63,0
77.29,27.57,86.64,46.91,51.67,701.49,1
85.55,65.55,23.73,76.7,3.86,1574.72,0
25.43,30.86,59.6,10.02,61.15,1365.89,0
91.88,99.76,15.71,73.52,85.97,1158.16,0
45.45,91.63,95.83,58.42,0.28,1984.76,0
60.34,58.53,25.22,50.46,16.0,950.16,0
98.46,96.69,72.66,59.95,51.8,1246.11,0
36.15,86.8,23.11,33.59,56.1,1029.61,0
81.32,31.89,61.61,71.03,34.34,535.81,0
31.84,74.96,65.93,77.97,2.79,674.12,0
79.92,13.68,32.84,77.82,74.36,1958.0,1
60.07,68.46,81.88,26.95,24.29,796.38,0
21.64,49.11,88.54,65.39,64.46,1365.22,0
41.4,1.68,85.51,14.81,55.91,1142.85,0
31.76,27.42,33.08,49.54,43.08,1781.81,0
7.81,95.54,74.43,0.26,59.03,1520.23,0
2.98,31.58,55.95,19.36,69.5,179.69,0
34.65,18.15,59.26,63.17,57.22,723.77,0
1.9,18.75,47.74,87.44,55.75,1429.59,0
16.55,47.92,60.03,4.9,43.61,339.49,0
72.52,84.26,13.57,55.86,43.0,1016.81,0
70.81,75.8,40.88,63.68,49.1,649.18,0
73.86,43.69,17.77,93.24,45.21,148.21,0
31.72,20.87,28.01,65.51,43.9,1994.35,0
89.0,4.61,12.78,10.3,21.04,1860.14,0
59.38,46.26,21.25,14.67,72.48,1500.1,0
12.6,81.48,78.19,63.58,13.3,418.03,0
14.37,72.97,54.98,21.56,90.87,1977.28,0
69.31,40.86,2.36,92.83,62.48,1268.97,0
17.29,59.47,78.85,92.07,4.89,1932.83,0
50.73,43.62,90.95,94.87,65.9,104.31,1
99.18,57.9,88.04,29.3,36.15,363.47,1
0.4,51.75,82.3,71.69,92.98,1360.95,0
1.66,68.1,99.22,66.3,93.61,1816.22,0
99.31,50.77,58.64,3.56,84.59,368.05,1
58.46,94.06,96.26,26.56,56.78,647.85,0
12.69,42.8,94.88,20.68,91.92,1184.59,0
89.73,1.59,31.32,37.08,64.98,1999.33,1
88.04,23.64,86.34,95.31,87.51,1603.34,1
53.62,50.06,79.25,84.56,16.01,1848.65,0
62.18,54.06,77.58,29.34,90.42,1356.52,0
27.32,55.24,89.63,53.0,66.16,1757.2,0
5.05,71.46,38.42,19.23,30.33,1023.95,0
59.46,27.46,40.01,27.74,99.78,265.83,0
29.48,66.49,64.01,6.5,68.69,1424.92,0
66.36,70.4,73.78,64.26,90.84,1210.92,0
83.62,41.13,87.97,65.69,0.56,980.99,0
1.82,40.22,87.58,83.85,55.23,564.48,0
59.57,17.89,72.13,87.16,71.25,1572.72,1
23.13,41.4,95.69,16.01,1.37,1644.41,0
87.39,78.68,17.86,74.3,76.26,741.09,0
25.37,90.9,95.03,13.47,65.14,1856.98,0
61.08,59.36,6.42,37.37,27.48,752.09,0
55.35,29.94,55.56,51.55,68.89,232.97,0
39.62,68.23,9.02,4.95,13.09,349.73,0
67.76,74.01,56.8,15.68,82.4,999.14,0
72.58,33.22,39.01,27.11,86.62,178.13,0
56.69,82.65,8.16,12.75,48.55,1442.46,0
75.84,7.37,64.81,93.41,50.74,1594.29,1
98.34,1.08,73.12,28.83,40.21,1107.95,1
41.93,12.3,17.42,50.12,34.53,1788.83,0
51.46,15.6,69.44,99.65,87.29,1909.49,1
1.25,87.89,17.9,56.66,30.49,906.21,0
79.6,42.5,13.74,41.15,40.29,196.47,0
52.02,27.49,14.74,92.98,29.99,477.9,0
40.8,42.91,59.91,22.25,65.67,1322.08,0
9.41,39.48,77.88,17.95,81.42,823.45,0
88.97,30.15,59.69,53.54,16.43,1376.32,0
39.5,13.79,80.94,42.73,25.47,1340.14,0
68.26,65.59,59.15,79.7,10.41,1218.63,0
14.94,13.66,79.73,4.2,16.02,332.51,0
96.15,77.54,97.65,61.77,40.69,586.11,1
17.84,20.17,39.1,71.07,77.59,768.17,0
19.95,73.14,14.99,97.19,54.16,1652.35,0
85.9,80.56,13.54,14.58,5.33,1370.8,0
91.26,12.53,59.75,24.62,62.51,1296.97,1
21.21,8.67,54.71,93.24,79.53,1350.83,0
46.98,94.96,18.42,63.06,39.35,1016.34,0
73.35,46.3,88.21,3.8,24.5,98.47,0
87.84,63.02,95.67,7.73,76.39,418.22,0
37.91,2.33,25.32,78.54,2.39,297.8,0
51.7,27.87,20.69,56.75,81.56,146.71,0
74.17,50.54,21.39,56.54,80.43,652.56,0
73.11,88.62,38.74,87.99,88.8,1579.71,1
78.3,27.14,85.32,24.11,8.95,247.96,0
56.99,77.52,59.6,16.04,10.78,240.62,0
10.46,66.22,6.76,61.38,87.28,266.04,0
90.4,11.53,47.3,88.24,47.53,554.25,1
86.56,29.34,9.03,26.53,39.23,420.37,0
79.81,23.79,40.62,68.13,57.33,47.64,0
9.99,44.25,40.35,15.24,5.86,567.47,0
20.44,63.53,64.84,17.19,64.37,1992.66,0
74.36,43.34,54.95,90.15,94.51,686.24,1
2.31,24.45,87.48,11.8,67.57,438.29,0
97.92,69.59,1.63,2.43,46.45,1001.51,0
37.71,58.45,77.4,77.49,96.09,474.15,0
71.93,51.93,2.27,36.25,68.85,1128.1,0
88.76,55.44,30.43,39.67,5.7,813.3,0
39.46,22.19,87.97,79.99,67.0,1795.75,1
31.91,68.04,69.04,17.99,5.97,1857.28,0
60.87,38.75,17.2,65.03,30.72,1431.86,0
58.1,36.35,49.08,31.35,61.57,447.07,0
40.91,14.97,72.19,10.43,21.56,958.32,0
60.18,59.68,93.73,68.75,3.82,624.74,0
93.54,60.27,63.43,31.87,61.8,1600.59,1
46.76,34.03,2.47,86.66,28.59,77.76,0
19.67,85.99,49.97,91.9,53.3,1331.73,0
37.72,84.55,15.3,84.91,26.11,659.99,0
39.41,10.91,4.78,32.24,68.64,972.39,0
13.11,69.5,59.85,23.66,89.57,659.53,0
16.29,39.38,77.69,89.28,8.66,742.28,0
68.46,99.97,3.61,45.29,78.63,1355.24,0
33.95,22.5,78.36,70.77,15.61,1199.08,0
95.49,28.05,70.64,82.72,32.94,503.3,1
24.36,44.21,75.2,27.77,35.74,106.4,0
9.89,26.87,24.47,11.91,20.63,1714.92,0
75.35,69.2,39.36,62.48,7.52,994.77,0
88.1,48.09,11.98,59.02,76.85,1245.09,1
27.81,22.09,23.89,27.02,79.36,987.23,0
20.21,50.64,30.28,58.47,99.68,1245.5,0
18.58,88.88,31.94,79.04,93.46,1261.41,0
52.2,79.24,17.5,35.0,43.46,49.78,0
46.84,49.88,18.87,24.23,13.34,1075.85,0
25.94,28.85,90.15,72.5,1.07,1014.17,0
4.52,17.99,78.39,78.59,53.15,209.72,0
48.15,87.84,34.45,95.43,86.06,1496.85,0
95.93,71.02,94.76,14.76,26.79,487.0,0
65.25,57.22,23.89,88.93,19.89,127.96,0
49.55,87.94,40.68,76.51,43.9,1610.25,0
11.07,12.17,81.35,70.19,89.35,1732.96,0
25.24,68.25,44.29,31.31,45.17,496.58,0
29.48,21.67,23.46,2.22,72.27,1381.34,0
76.48,12.06,36.85,50.76,46.25,29.8,0
87.67,46.56,50.07,28.58,37.3,1447.88,0
90.16,38.74,62.06,28.98,44.09,940.34,0
98.46,94.12,40.56,92.71,76.84,1589.12,1
98.24,32.4,43.13,15.3,75.44,798.21,1
95.3,81.49,26.39,93.42,43.18,715.13,0
7.18,74.88,53.53,50.38,26.76,1684.75,0
13.78,66.79,21.95,83.83,13.91,96.52,0
30.45,92.04,86.75,28.36,0.14,390.59,0
55.29,40.79,74.74,63.39,11.33,836.02,0
9.7,38.97,41.03,55.66,16.47,1200.75,0
84.58,16.09,74.72,92.42,68.99,30.12,1
61.68,27.58,0.7,17.93,81.79,1158.79,0
54.24,87.98,34.45,20.46,73.69,769.42,0
16.53,47.44,44.03,94.9,72.32,1267.4,0
25.33,34.14,46.98,9.8,99.43,1815.81,0
16.03,21.61,74.87,63.47,96.26,892.93,1
85.19,48.5,96.28,6.06,26.88,1118.07,0
58.42,71.67,38.0,7.7,14.51,936.32,0
73.51,28.67,35.06,59.71,15.33,254.67,0
29.6,75.77,61.05,55.14,89.56,1590.36,0
37.13,62.98,28.13,57.3,10.23,1772.69,0
40.49,78.76,14.14,47.37,34.01,1626.7,0
76.0,25.09,96.15,74.24,53.03,1896.24,1
77.24,63.1,80.95,99.22,61.35,946.7,1
20.68,15.37,95.85,27.58,59.57,1311.6,0
94.15,36.38,21.78,32.34,78.64,353.32,0
12.07,72.44,1.78,32.3,57.17,1954.08,0
89.61,63.17,43.73,76.33,85.1,1169.5,1
10.04,18.79,93.36,34.8,8.46,538.09,0
26.45,85.83,13.83,67.67,85.9,1614.64,0
84.65,5.34,11.72,44.59,59.0,1181.25,0
17.95,59.52,6.9,60.78,22.29,1900.36,0
41.36,98.38,76.5,82.9,97.77,1544.56,0
44.99,53.15,78.59,51.41,93.97,1756.98,0
24.53,80.07,69.54,47.52,84.57,1102.37,0
71.02,59.52,5.33,26.7,91.16,1044.27,0
85.13,78.31,72.33,51.59,38.21,1519.51,0
87.46,65.56,44.86,26.24,22.78,227.93,0
33.93,69.11,15.79,84.36,18.29,126.98,0
53.09,22.78,29.51,38.89,87.38,1967.73,0
24.84,74.18,50.11,12.91,82.66,1834.27,0
24.48,23.79,32.97,24.0,98.09,1912.21,0
16.13,98.06,96.97,53.46,84.83,143.48,0
94.0,22.78,47.47,91.63,63.24,553.22,1
88.8,23.67,37.22,30.06,14.23,1805.05,0
77.74,85.87,67.32,26.44,16.48,197.17,0
51.77,24.3,65.05,40.66,47.37,913.84,0
49.06,36.09,0.24,96.78,76.78,695.76,0
52.97,71.46,61.85,84.52,17.33,1762.1,0
53.66,15.87,24.38,14.97,91.55,1045.79,0
43.46,15.91,37.52,61.38,68.38,594.94,0
13.18,48.64,70.63,79.19,31.23,1058.12,0
12.57,24.37,55.74,76.8,88.58,242.64,0
95.22,23.57,36.87,48.88,59.86,1467.78,1
48.2,0.92,16.74,73.18,73.32,1244.31,0
95.32,37.04,50.55,58.36,38.54,1209.4,0
16.36,31.83,31.94,20.14,39.36,886.93,0
55.44,3.12,91.29,5.61,1.26,602.6,0
20.77,62.12,53.43,36.95,53.79,149.45,0
25.32,62.67,86.6,6.19,76.08,1895.12,0
3.01,7.08,39.02,39.5,96.88,844.78,0
11.9,31.7,82.74,82.89,89.22,1001.92,0
91.68,87.28,5.65,84.43,8.7,764.02,0
32.15,58.22,29.81,3.41,98.05,1976.0,0
60.81,41.2,7.82,6.95,14.95,1596.42,0
46.5,46.51,3.17,66.99,4.11,209.61,0
40.05,20.83,91.89,50.0,74.89,1224.19,1
53.19,81.19,71.69,14.94,90.59,979.58,0
18.72,91.4,62.51,80.55,94.98,1590.84,0
98.86,91.07,53.25,21.65,82.5,1994.69,1
81.83,22.39,56.96,7.81,20.49,1493.73,0
74.16,31.07,63.87,74.95,15.4,1732.56,0
46.88,16.06,82.66,60.81,5.9,1015.22,0
15.29,30.72,59.69,39.44,58.2,759.72,0
92.07,33.28,74.86,69.27,48.72,1293.69,1
34.14,63.31,28.1,91.14,10.93,1503.85,0
5.01,18.96,97.68,3.42,46.48,470.52,0
34.24,91.94,3.19,62.77,56.73,1016.71,0
79.45,10.31,38.66,21.82,72.3,245.31,1
62.27,0.69,88.2,47.41,41.42,448.38,0
75.08,85.49,18.05,42.4,31.84,1766.08,0
79.36,70.38,14.13,39.0,66.57,306.57,0
21.2,35.54,36.54,19.04,68.42,1626.47,0
92.38,59.55,42.82,80.26,27.04,757.74,0
43.8,22.35,93.34,37.95,1.98,1333.77,0
63.9,16.84,83.61,88.72,94.57,1822.45,1
0.23,47.11,46.41,35.47,75.53,1566.18,0
99.34,35.32,97.3,83.97,20.11,1655.36,1
28.09,61.52,64.23,54.45,56.57,537.08,0
6.21,21.81,87.37,38.56,59.49,736.12,0
45.83,66.29,24.61,70.4,12.6,1470.93,0
12.9,76.69,48.9,78.67,19.17,1558.92,0
15.23,16.66,2.97,48.27,95.67,1584.3,0
63.23,4.39,0.89,42.54,50.8,1485.41,0
39.29,43.96,70.55,57.74,19.14,478.61,0
92.19,77.4,11.83,58.52,79.76,592.39,0
31.92,65.08,54.78,42.55,47.06,1885.24,0
72.62,70.19,69.6,75.77,63.84,1116.64,1
46.11,40.28,3.22,39.97,29.75,1513.81,0
66.0,23.49,44.87,45.3,5.79,1206.41,0
59.97,53.18,68.42,60.53,16.49,1850.51,0
47.28,20.44,88.97,98.68,97.3,1740.19,1
95.01,72.62,29.92,26.07,62.36,537.52,0
34.27,19.7,97.42,23.2,83.11,1771.72,1
17.72,29.13,84.45,17.69,2.15,614.08,0
67.81,50.65,65.06,68.94,76.55,893.14,0
84.6,48.67,39.19,44.91,48.5,1705.44,1
4.03,60.08,71.11,38.86,66.53,661.56,0
44.96,43.74,81.62,20.41,35.82,595.73,0
89.25,91.95,30.33,89.11,62.09,1343.94,0
74.96,83.99,99.28,44.32,3.56,1999.36,0
99.18,87.91,90.86,60.77,4.56,279.49,0
53.14,62.95,48.55,11.25,79.88,1408.1,0
66.0,63.5,72.28,10.8,12.45,1063.37,0
30.25,60.92,52.4,6.74,1.4,833.02,0
94.75,43.49,76.09,36.73,91.25,1504.72,1
36.63,32.21,82.7,47.29,26.55,1118.58,0
73.85,59.2,2.32,24.46,58.24,1599.67,0
40.31,2.55,7.91,34.97,83.89,1492.83,0
56.18,0.75,33.65,0.63,74.59,1970.54,0
71.98,85.16,91.76,35.11,4.66,1625.51,0
50.89,4.64,39.83,11.92,56.09,152.26,0
90.71,52.48,88.75,12.84,54.18,1563.57,0
41.93,61.5,46.24,0.45,35.01,1306.41,0
64.71,19.82,28.89,69.64,75.36,197.78,1
34.24,89.57,90.06,93.13,96.4,1218.87,1
40.82,19.01,56.07,62.15,14.72,1506.59,0
44.01,88.45,36.05,9.62,14.52,410.45,0
12.58,76.3,4.44,98.96,73.47,881.13,0
9.17,24.07,11.09,97.56,45.44,1094.12,0
66.75,15.07,13.93,46.82,79.52,838.04,0
65.55,31.62,36.48,10.79,14.11,1754.49,0
66.29,39.8,60.73,72.07,3.99,354.43,0
1.98,24.58,30.76,96.15,69.79,1547.68,0
32.65,99.89,6.55,77.87,99.47,1560.62,0
19.78,22.97,26.48,62.42,9.48,907.1,0
77.82,83.06,40.87,61.08,86.43,1088.17,0
86.06,15.91,99.23,97.79,38.53,324.05,1
24.67,98.02,39.3,7.31,1.68,406.41,0
66.78,22.55,8.92,14.96,51.0,1072.7,0
12.94,42.17,58.11,83.08,27.89,464.87,0
27.52,55.86,91.96,14.51,69.34,1616.8,0
13.87,12.03,78.67,38.33,28.78,1240.11,0
28.35,81.68,83.62,28.15,48.17,132.03,0
67.47,27.47,92.82,24.34,20.06,728.6,0
91.03,54.93,63.65,2.57,82.81,1719.68,1
20.25,54.96,99.49,56.63,92.54,569.34,0
54.21,60.26,3.33,40.12,40.33,1445.04,0
70.14,5.55,83.48,55.16,44.89,205.72,0
95.29,16.86,85.7,30.45,98.27,1862.46,1
61.01,16.12,91.67,94.15,14.21,909.7,0
25.51,30.21,47.82,59.13,80.86,993.3,0
62.55,14.49,78.78,96.12,56.73,1148.26,1
32.05,92.19,19.51,35.0,88.07,739.6,0
97.61,51.3,60.31,0.23,29.24,1456.06,0
39.97,62.36,35.86,78.13,29.62,48.88,0
68.54,35.75,59.62,82.74,32.58,341.16,0
2.32,27.62,67.56,5.87,1.66,393.87,0
40.01,50.32,34.71,62.54,16.99,1277.97,0
87.51,29.43,21.62,66.1,99.46,1783.39,1
61.02,34.36,32.17,14.57,24.89,146.01,0
44.39,45.28,66.4,55.25,1.99,1707.87,0
93.59,50.57,67.69,24.32,27.85,1642.64,0
85.4,98.43,74.13,1.65,40.84,171.72,0
32.22,22.33,12.65,86.69,54.78,303.59,0
54.45,48.8,81.85,49.17,6.86,713.09,0
48.98,14.95,68.81,78.17,79.04,247.05,1
63.22,35.0,3.05,72.29,82.55,1521.41,1
33.41,71.73,33.56,99.37,21.32,1018.06,0
24.42,17.45,46.67,43.8,79.84,833.31,0
91.27,58.14,36.06,42.76,36.14,1455.4,0
92.39,41.67,11.74,28.18,42.31,599.93,0
84.33,5.16,20.73,62.51,93.64,1745.63,1
97.82,93.31,2.46,48.61,89.19,1314.85,0
74.5,41.36,9.31,72.88,37.51,706.08,0
76.47,78.39,26.63,35.65,48.81,1088.95,0
76.26,41.63,82.0,13.08,28.65,533.71,0
48.06,93.74,52.66,86.24,51.54,1970.26,0
45.65,29.05,42.45,82.8,68.19,882.5,0
24.02,41.22,66.22,35.1,9.27,1795.61,0
64.48,75.89,54.15,69.04,91.98,1956.48,1
28.93,34.37,13.15,49.24,71.89,1080.87,0
25.78,36.44,22.26,76.1,9.68,1465.39,0
58.6,99.48,22.25,39.01,86.9,1153.05,0
41.0,55.56,60.0,53.56,74.37,201.3,0
21.89,68.94,46.16,5.78,31.31,1905.79,0
81.61,64.35,38.76,17.49,52.14,924.14,0
86.06,82.79,55.66,78.18,86.01,1790.24,1
16.77,86.18,97.01,38.16,96.81,1318.1,0
0.75,56.33,31.42,3.51,28.11,228.28,0
33.61,29.46,52.02,16.76,65.06,845.76,0
79.75,2.28,48.04,41.16,86.02,407.78,1
83.92,61.44,71.66,71.79,98.82,356.32,1
13.83,82.55,73.03,36.35,7.07,1435.88,0
77.43,45.05,72.91,74.52,50.36,79.44,0
11.57,16.47,20.15,85.81,87.37,1932.96,0
39.01,28.81,44.91,34.11,0.32,910.85,0
99.86,51.0,81.12,80.04,43.72,989.72,1
19.26,83.67,38.15,12.69,58.42,612.87,0
15.4,17.18,98.43,41.53,52.65,189.52,0
42.28,61.21,36.48,9.76,73.28,1184.72,0
61.97,75.34,49.77,5.25,6.55,702.61,0
93.29,93.6,47.45,6.45,78.54,1255.66,0
98.08,11.67,43.37,10.48,28.32,1120.42,0
6.96,92.64,84.56,83.57,82.42,449.48,0
13.8,60.15,15.53,54.37,41.95,934.07,0
79.07,76.67,56.77,94.74,4.29,629.96,0
27.06,5.38,61.86,53.8,96.39,494.65,1
88.48,50.61,85.12,62.87,78.05,1544.01,1
66.35,62.26,60.92,18.45,34.78,43.58,0
11.18,30.68,96.0,54.06,27.0,552.39,0
83.25,43.17,87.22,38.53,58.9,1071.55,1
17.64,55.43,34.87,93.14,98.73,962.77,0
42.35,55.25,85.99,93.39,29.02,1881.53,0
55.22,4.19,95.85,19.85,94.83,1690.44,1
50.08,43.95,25.72,62.01,33.04,1508.17,0
68.62,21.38,61.02,63.82,70.41,1037.87,1
65.27,91.67,28.18,56.25,38.17,869.24,0
99.2,97.66,64.96,12.43,8.51,92.41,0
99.94,29.96,9.36,65.4,93.62,1646.9,1
51.65,17.52,73.42,79.91,16.39,872.81,0
9.52,21.95,41.98,34.52,94.47,655.52,0
72.78,47.78,58.73,51.46,10.33,1221.14,0
97.67,87.45,2.59,11.63,26.69,1513.19,0
31.83,50.0,69.54,93.07,92.09,1055.64,1
46.12,5.54,49.6,10.95,65.85,316.17,0
42.48,3.99,62.53,20.84,18.95,1844.86,0
5.14,22.74,31.57,29.85,59.21,243.44,0
67.23,84.28,14.58,82.58,18.04,1939.75,0
35.33,62.15,43.54,70.07,87.44,896.1,0
78.75,56.3,94.4,0.7,4.98,1894.31,0
83.21,31.9,22.78,18.36,52.98,1831.01,0
82.12,92.94,67.58,75.02,6.35,824.41,0
41.67,33.12,4.98,40.38,69.5,1604.05,0
32.15,83.49,71.81,2.62,93.58,197.75,0
74.88,89.59,23.84,96.39,83.11,183.81,0
80.14,48.33,45.15,15.12,37.17,724.79,0
49.13,89.43,36.78,51.05,23.69,1227.37,0
89.3,27.68,11.28,24.83,12.1,38.46,0
14.39,65.84,34.56,73.75,87.36,1040.05,0
87.91,8.8,35.01,77.67,8.11,1951.78,0
9.61,47.39,52.21,39.72,62.88,1719.72,0
15.35,21.73,97.24,65.84,36.73,480.29,0
53.38,6.28,47.0,90.91,99.58,1065.58,1
6.75,0.37,91.44,81.48,50.88,359.39,0
5.28,32.48,46.16,41.49,54.88,541.26,0
0.05,58.95,10.75,44.15,91.79,1847.54,0
43.63,45.52,23.02,88.69,96.96,1995.6,0
77.46,30.18,40.75,3.44,58.36,500.27,0
3.48,99.12,32.54,2.28,79.62,439.89,0
65.23,93.95,86.58,20.58,63.48,780.04,0
82.31,12.57,67.86,82.76,42.74,902.8,1
16.8,41.51,57.83,15.32,5.73,196.71,0
14.69,64.88,49.12,28.53,71.77,312.46,0
86.08,73.35,39.73,62.91,70.03,861.16,0
82.31,36.64,61.22,18.42,11.67,486.13,0
53.89,74.63,12.46,30.31,23.01,1692.97,0
81.92,12.42,16.25,46.69,73.21,1508.06,1
9.28,33.18,30.31,22.81,14.97,1081.95,0
39.45,71.64,17.12,99.24,69.09,876.61,0
73.78,62.57,67.71,16.34,71.8,1665.36,0
25.75,83.72,2.48,84.99,35.33,348.67,0
75.23,4.69,16.02,47.01,25.82,1777.03,0
50.42,17.44,90.26,12.91,37.3,117.17,0
75.03,4.85,99.75,11.85,35.92,1848.32,1
46.47,19.21,48.76,50.03,60.7,294.84,0
36.79,0.43,49.54,35.35,74.38,1627.96,0
21.92,50.42,77.34,23.46,86.18,55.73,0
20.84,52.83,3.62,95.89,3.0,1633.85,0
75.15,65.79,42.7,46.34,72.66,1176.46,0
11.89,38.49,9.98,92.88,31.42,57.69,0
8.6,0.32,40.09,16.4,83.86,1552.94,0
17.63,67.39,98.38,18.35,7.57,221.08,0
17.53,5.43,75.36,59.6,55.12,1089.01,0
82.31,86.62,98.5,26.99,54.87,677.37,0
39.85,2.27,74.6,18.49,32.65,1523.15,0
99.04,53.05,60.81,9.47,97.03,1709.38,1
13.72,89.49,75.42,7.63,10.69,939.27,0
65.35,57.25,65.91,75.32,13.64,1520.72,0
44.87,60.84,46.41,28.22,64.43,1834.92,0
39.29,68.16,29.25,97.84,51.43,1384.62,0
87.51,12.24,52.02,18.31,26.45,657.54,0
97.56,67.49,25.85,35.44,30.43,937.36,0
87.29,88.04,48.67,37.49,15.7,475.4,0
19.23,97.42,14.61,50.02,86.78,927.65,0
22.08,44.31,56.54,87.06,56.95,506.86,0
65.61,34.45,24.53,83.48,24.48,1618.35,0
28.91,75.33,29.36,1.0,39.34,1227.64,0
73.47,54.29,49.9,40.93,90.67,1273.83,0
56.64,25.73,16.25,82.79,88.68,238.32,0
55.09,17.22,96.24,0.02,6.91,22.89,0
82.85,17.02,44.69,53.36,65.41,1582.59,1
71.05,45.92,35.23,25.95,15.3,1093.77,0
2.66,17.01,2.92,41.28,21.09,1864.48,0
4.95,1.97,84.33,42.03,86.42,1083.73,0
60.16,5.21,62.58,39.18,89.52,445.06,1
48.62,92.99,41.64,89.2,8.27,1402.98,0
26.02,7.3,24.55,53.65,87.39,1407.95,0
41.87,7.32,74.51,90.37,72.85,149.75,1
75.79,45.12,94.55,72.67,77.57,1393.43,1
82.66,24.51,38.08,35.11,79.18,440.81,1
56.12,96.27,13.49,49.36,50.72,523.95,0
38.54,91.1,10.92,38.99,94.69,82.2,0
27.07,40.47,0.64,82.86,20.04,1262.2,0
52.19,44.87,74.4,18.76,50.5,1468.82,0
31.47,37.51,98.14,93.64,31.86,476.37,0
56.41,3.79,99.28,58.04,82.24,1589.23,1
67.67,29.28,78.42,61.18,8.27,1528.82,0
6.61,12.27,16.22,51.68,43.37,831.34,0
0.11,10.24,97.77,55.45,77.35,155.09,0
21.23,56.09,32.78,66.77,31.23,574.77,0
89.45,9.88,33.36,65.5,24.05,347.55,0
64.63,10.29,68.73,21.41,26.25,1918.46,0
17.2,48.05,4.9,58.24,71.36,1639.13,0
89.03,44.23,82.58,35.46,28.68,175.19,0
47.0,13.76,99.73,63.7,40.27,1036.65,0
47.61,0.44,77.51,54.78,54.57,548.43,1
93.55,19.3,78.17,17.97,94.08,83.59,1
5.95,23.59,39.03,73.47,79.43,658.16,0
21.52,80.02,6.59,45.7,18.53,272.62,0
58.58,91.54,79.27,55.14,88.31,461.01,0
19.55,40.59,59.72,67.26,84.48,666.55,0
67.95,40.5,90.93,65.29,74.52,829.6,1
21.41,71.25,11.6,74.89,51.69,947.52,0
9.92,62.69,30.51,20.68,6.98,1049.99,0
20.7,18.41,36.07,11.04,71.15,752.6,0
42.27,10.77,68.33,66.92,51.83,1006.73,0
17.61,43.76,78.77,23.6,30.98,847.36,0
13.47,56.48,96.1,11.46,0.99,1929.59,0
86.03,13.87,29.54,13.12,23.1,153.93,0
32.04,29.33,49.36,31.28,60.57,1180.18,0
36.08,30.59,2.9,99.18,11.23,403.42,0
5.53,26.13,25.3,15.73,65.54,763.37,0
35.74,46.08,37.4,29.85,81.97,1102.0,0
26.48,65.31,59.38,92.07,31.82,1524.42,0
61.05,50.94,47.08,96.33,8.2,1955.91,0
20.54,20.15,36.45,22.88,13.97,997.37,0
88.84,10.29,62.41,88.05,35.79,528.82,1
92.97,82.19,82.86,13.89,81.34,1587.32,1
9.98,47.93,24.17,76.15,63.43,458.71,0
10.74,6.21,34.29,1.3,86.79,1025.52,0
11.53,25.81,70.49,40.66,99.44,1696.49,0
61.96,80.4,77.79,24.73,20.26,819.52,0
12.2,75.17,82.54,70.4,69.48,1122.82,0
85.24,87.58,20.93,1.61,46.65,256.71,0
75.43,60.21,53.93,46.49,49.35,130.82,0
81.98,42.29,90.0,69.67,32.56,1972.84,1
52.61,42.66,39.2,4.67,34.25,374.21,0
99.67,19.4,42.99,89.74,67.63,684.39,1
4.42,65.08,98.48,36.12,62.08,1019.28,0
40.13,58.51,11.31,16.53,31.85,761.45,0
32.39,15.49,70.56,22.55,11.86,212.73,0
94.86,88.57,85.02,33.89,57.82,409.89,0
57.69,36.85,15.08,19.84,73.94,997.03,0
80.62,4.97,71.45,51.06,55.86,888.83,1
17.03,32.79,46.97,63.29,0.37,1600.42,0
97.86,86.99,85.29,43.34,28.23,637.34,0
49.86,91.7,90.75,42.7,77.86,1881.82,0
49.37,49.04,87.25,78.17,74.25,579.96,1
97.09,95.63,6.44,30.1,1.04,675.97,0
38.07,87.52,75.69,62.28,47.03,1899.64,0
39.75,82.52,92.15,89.29,43.73,1684.16,0
58.48,85.97,62.13,22.15,65.23,647.6,0
12.81,38.19,60.09,61.99,12.5,802.66,0
32.11,75.65,4.5,94.8,62.14,1687.68,0
19.32,57.73,85.6,52.98,94.69,190.46,0
10.33,71.97,4.64,97.69,37.17,603.46,0
86.61,17.78,31.35,31.0,33.74,1072.48,0
58.93,73.14,92.59,56.43,2.83,1661.23,0
35.87,95.76,94.97,31.1,5.74,1137.94,0
40.87,30.27,99.19,0.37,93.16,989.76,0
43.15,98.62,47.64,99.73,97.55,1924.99,0
63.31,37.84,17.74,24.01,0.56,250.49,0
92.68,19.97,48.79,97.31,90.07,1564.53,1
93.28,11.23,10.23,65.3,17.4,271.53,0
39.15,78.5,87.25,90.39,56.14,1471.0,0
32.93,55.48,56.05,96.72,67.81,1095.32,0
45.1,30.71,40.45,56.78,35.91,544.0,0
56.79,60.85,7.95,99.97,52.9,1095.81,0
46.18,33.21,40.52,76.73,62.75,1761.24,0
65.88,44.84,86.62,52.38,19.39,954.92,0
55.44,86.27,70.34,65.49,99.43,33.03,0
32.07,66.82,8.25,19.43,20.39,132.08,0
34.57,76.24,15.99,1.1,1.03,1272.62,0
37.86,58.35,39.23,25.68,94.43,1362.3,0
9.46,99.14,10.14,43.5,42.91,815.51,0
16.61,24.14,93.4,22.81,39.86,500.71,0
72.31,26.23,65.23,51.4,27.57,1437.61,0
38.91,9.26,9.48,65.79,2.58,622.24,0
21.45,55.4,78.81,65.58,26.46,166.54,0
56.27,61.34,36.84,89.38,39.33,831.03,0
75.55,72.6,24.49,96.63,52.03,1087.49,0
25.74,33.54,57.0,89.07,45.76,1931.95,0
82.68,1.23,1.34,62.02,87.9,1192.6,1
92.75,63.22,46.54,20.58,91.13,432.47,0
59.74,99.87,84.38,94.35,31.72,1667.74,0
66.89,29.45,92.81,17.49,95.96,597.13,1
5.26,18.39,34.26,15.14,86.49,1919.37,0
94.55,28.18,64.24,31.76,92.76,664.12,1
39.25,42.54,22.68,57.36,70.63,1820.85,0
92.39,25.09,56.02,68.15,19.83,1760.33,1
57.9,34.7,25.4,1.33,19.52,1730.71,0
0.46,63.82,57.14,77.8,90.87,97.98,0
3.85,34.5,17.17,17.5,50.7,1702.74,0
68.04,39.61,94.12,29.65,89.05,1448.17,1
56.27,4.0,88.69,32.21,72.05,681.91,1
2.65,91.79,33.69,33.24,21.25,990.39,0
74.35,40.69,77.67,76.04,38.48,1287.03,1
85.21,32.81,9.55,4.09,96.78,1888.2,0
49.64,8.65,74.04,19.65,1.96,1564.57,0
46.58,63.42,28.25,2.23,71.46,868.43,0
0.55,86.38,13.56,77.83,97.88,1297.93,0
78.66,4.12,67.82,98.37,10.41,388.02,1
33.07,14.53,46.98,65.95,27.2,859.41,0
87.88,14.64,53.01,59.01,54.7,1586.78,1
37.31,60.23,52.05,90.81,84.38,1221.05,1
56.51,92.12,5.94,25.5,50.65,1570.83,0
27.03,43.78,5.14,6.65,5.96,1029.44,0
16.06,34.38,60.12,51.0,12.72,772.68,0
77.49,76.58,62.39,26.03,37.59,1490.23,0
49.66,74.26,4.72,45.11,32.25,205.63,0
53.65,24.68,37.84,45.63,21.97,1957.64,0
96.54,16.08,61.29,31.88,84.01,1897.78,1
96.36,35.78,65.67,48.63,2.69,1763.13,0
85.56,77.56,82.83,38.02,82.93,1770.87,0
18.76,69.51,42.07,11.31,92.17,1031.89,0
59.43,66.59,54.83,86.67,63.01,1005.93,0
87.81,82.94,57.86,70.13,62.54,1643.76,1
37.45,27.71,31.2,4.13,14.9,580.85,0
10.11,33.97,5.38,11.58,56.83,1702.83,0
81.1,4.23,0.42,9.65,37.52,417.74,0
48.18,86.87,83.61,6.17,22.9,1760.63,0
56.44,58.24,20.02,5.91,58.33,1091.35,0
98.21,29.81,63.03,15.71,0.12,1689.56,0
60.72,6.94,57.7,84.79,27.64,996.42,0
42.5,72.34,39.96,82.82,65.6,1224.7,0
37.0,74.87,83.35,78.31,45.5,1855.04,0
41.76,66.62,69.84,61.47,14.56,848.06,0
11.84,20.38,2.27,72.35,0.13,456.17,0
79.48,91.32,77.67,73.85,27.04,200.14,0
83.77,75.32,50.7,88.93,54.91,1188.16,1
28.44,65.78,34.7,73.23,53.45,1229.95,0
30.38,65.09,72.69,73.65,13.11,1249.0,0
87.43,90.44,68.61,80.41,61.37,93.59,0
2.4,92.83,31.06,55.64,99.89,74.28,0
52.05,59.56,98.3,21.3,58.49,1792.93,0
46.37,41.67,64.87,8.45,52.76,1397.09,0
69.01,36.37,60.58,41.9,62.26,244.37,0
16.34,81.91,6.99,9.17,87.97,167.78,0
66.83,64.46,27.93,16.93,94.6,340.48,0
37.67,7.73,44.7,2.38,4.1,1617.7,0
61.87,14.22,63.06,30.02,20.5,1451.71,0
4.01,90.02,51.28,97.0,11.58,1284.53,0
46.17,88.45,76.3,37.89,77.24,1288.77,0
52.23,95.18,26.26,24.09,4.56,1720.57,0
21.43,42.79,70.22,40.34,90.26,680.25,0
13.96,78.41,81.66,30.13,2.06,658.02,0
18.85,82.82,76.5,67.39,60.25,862.35,0
34.41,31.57,77.08,63.45,27.56,1979.56,0
9.68,14.53,88.85,2.73,47.06,1118.7,0
94.73,99.7,8.42,51.13,44.19,1102.86,0
40.5,3.02,69.72,3.62,74.89,1623.0,0
80.9,59.73,96.87,67.74,49.66,372.57,0
97.44,65.02,57.37,93.58,42.12,822.69,0
8.07,68.18,21.73,90.75,73.03,1289.9,0
65.17,25.56,99.88,20.57,92.58,1976.27,1
87.14,72.16,17.47,74.26,79.39,325.85,0
63.42,21.64,33.56,79.31,73.67,915.01,0
42.9,82.9,17.21,86.44,48.77,1813.05,0
43.11,21.91,46.45,25.96,90.02,1456.55,1
3.59,69.67,41.89,45.08,48.63,1235.28,0
53.46,78.34,49.12,22.15,93.03,529.07,0
99.35,18.89,92.8,2.43,80.29,390.68,1
95.87,23.8,47.83,65.9,15.03,760.94,1
4.04,77.91,51.46,43.15,4.7,525.11,0
70.58,8.6,88.67,24.81,74.09,1620.78,1
30.18,19.08,81.78,84.71,68.58,1446.99,1
90.3,45.55,23.97,49.57,60.21,1673.69,0
4.51,93.02,1.29,99.47,97.62,358.74,0
93.59,56.19,62.95,79.34,54.54,633.74,0
83.75,38.77,84.48,86.92,34.79,1541.73,0
11.75,97.84,55.29,77.33,56.5,343.83,0
5.98,46.37,21.12,10.59,2.84,308.3,0
83.47,43.37,74.14,6.5,57.93,778.46,0
15.58,41.16,66.95,91.51,90.24,389.15,0
53.49,31.22,56.5,13.82,0.43,176.23,0
91.57,32.57,86.33,39.12,84.53,639.29,1
56.74,68.78,78.42,60.99,80.19,1753.69,1
39.72,4.08,66.8,21.19,10.61,131.94,0
44.5,68.18,66.48,22.53,84.68,1140.89,0
6.31,20.12,66.22,46.62,76.35,1134.75,0
96.88,38.42,52.52,36.09,49.1,1071.06,0
31.07,14.65,46.39,67.66,24.52,1020.91,0
18.94,55.28,70.96,7.51,28.81,54.13,0
28.6,72.94,61.05,48.88,61.23,113.95,0
96.44,35.47,49.0,17.43,24.63,1032.19,0
9.43,16.34,12.67,60.67,32.54,1937.25,0
86.73,22.65,70.19,11.62,93.08,827.79,1
70.78,81.81,64.6,19.76,72.93,955.21,0
83.0,26.76,34.22,80.39,73.61,1964.48,1
97.59,77.47,35.63,23.52,95.59,1562.64,0
84.22,33.12,24.67,73.71,0.58,1544.82,0
94.34,18.87,96.19,27.31,24.45,1019.38,1
12.69,72.73,86.02,23.5,65.8,1797.87,0
79.58,46.85,56.1,29.92,43.83,1170.73,0
54.57,3.13,40.17,88.09,11.28,1320.26,0
54.35,95.99,73.68,39.72,78.12,1579.36,0
89.89,14.78,52.77,24.38,4.71,825.04,0
97.18,35.34,97.59,53.66,54.39,1907.48,1
70.48,38.48,5.51,38.56,56.25,1976.25,0
48.29,48.94,3.43,79.02,63.6,1182.53,0
45.64,78.54,56.86,99.04,31.56,459.67,0
38.63,0.61,20.33,52.66,2.36,1554.31,0
36.16,93.25,60.43,45.17,88.9,657.83,0
39.15,64.6,78.14,34.3,92.92,1162.66,0
8.98,95.06,13.81,97.33,48.2,191.67,0
7.74,81.74,44.06,48.33,2.06,1618.63,0
77.99,92.78,68.87,17.8,58.09,1918.99,0
44.61,60.1,83.39,96.92,31.59,206.56,0
93.07,35.73,49.63,96.09,18.25,1468.57,0
61.22,44.29,20.62,43.57,16.9,1724.46,0
3.52,65.8,58.58,34.82,17.93,236.82,0
15.75,42.69,45.45,68.04,33.08,508.66,0
20.58,73.17,77.19,82.89,28.06,795.91,0
97.57,9.18,55.56,49.85,83.64,1676.79,1
21.87,83.0,27.94,33.08,49.53,996.99,0
51.58,20.42,75.44,30.14,42.76,291.19,0
93.62,94.39,51.77,32.66,14.58,527.61,0
97.72,15.55,17.75,11.8,87.59,945.41,1
23.64,12.92,56.31,77.86,5.48,97.74,0
4.91,81.19,94.83,10.5,23.95,1269.37,0
15.36,81.87,70.55,39.83,62.15,70.14,0
6.33,73.88,29.88,83.49,70.23,1566.13,0
19.51,96.05,71.09,40.41,80.12,1473.02,0
56.86,27.05,28.26,29.48,41.03,1733.57,0
91.24,82.66,54.27,94.83,34.67,332.27,0
53.72,35.2,52.66,12.65,28.86,1213.12,0
62.6,53.74,24.74,88.49,56.81,1566.43,0
20.19,44.56,34.79,6.21,34.86,1041.18,0
80.06,0.59,94.22,41.35,32.81,278.99,1
61.78,57.45,25.06,63.17,1.69,215.87,0
86.41,74.75,80.1,37.0,94.83,1219.68,1
94.88,17.46,66.74,53.46,6.06,1005.26,0
34.79,93.17,53.26,20.4,27.09,1860.53,0
9.06,53.04,13.75,56.9,92.14,1671.0,0
22.59,17.82,20.46,13.46,73.53,1453.02,0
43.78,64.59,17.9,79.61,57.81,1965.15,0
94.57,19.19,58.68,58.38,66.08,1395.33,1
37.83,6.35,97.34,48.19,9.71,202.88,0
77.08,68.53,87.72,5.47,80.86,173.57,0
54.05,11.07,2.53,49.98,25.01,1635.42,0
18.28,10.62,27.37,56.36,95.62,734.19,0
32.07,73.99,15.73,26.57,23.14,1850.08,0
65.32,5.52,97.57,67.76,62.54,254.13,1
67.29,80.98,23.56,7.68,54.53,413.6,0
43.48,79.61,20.13,20.87,14.31,1550.87,0
22.86,14.14,62.09,73.75,36.29,1698.0,0
72.19,51.84,55.62,14.72,78.13,1737.05,0
16.89,9.66,22.59,24.55,21.26,216.3,0
93.67,63.26,67.04,65.09,96.29,775.97,1
18.79,6.29,9.7,72.88,29.55,1299.84,0
10.73,94.45,1.94,5.15,62.67,1839.22,0
49.76,20.77,8.24,12.66,61.89,493.25,0
51.95,68.29,36.49,44.61,47.08,1208.68,0
50.82,12.83,97.5,59.28,65.54,304.17,1
43.67,20.96,54.72,45.38,74.36,1499.61,0
99.48,45.09,75.47,64.71,61.9,272.5,1
48.63,57.31,32.15,75.6,56.0,1999.97,0
47.79,99.89,71.93,94.95,60.66,202.69,0
42.18,2.59,96.62,34.99,40.2,1376.97,0
6.68,0.03,35.78,16.31,7.09,1558.54,0
59.3,35.04,99.91,26.41,15.97,530.82,0
22.8,36.62,63.84,14.82,60.67,524.56,0
63.76,88.38,74.86,39.42,92.72,1200.37,0
5.08,91.26,25.22,87.26,2.57,1268.34,0
98.14,88.05,64.31,34.71,54.4,1446.64,0
46.9,14.32,51.1,14.88,25.21,1168.98,0
89.68,41.21,95.64,52.26,56.17,365.44,1
47.56,74.59,90.47,99.19,74.97,1849.8,0
6.03,31.26,39.67,18.82,73.55,349.89,0
82.22,66.32,94.69,77.79,72.49,1139.17,1
64.82,23.71,88.48,82.34,77.89,1841.61,1
78.18,32.34,59.04,40.13,7.26,1827.68,0
42.82,86.04,8.21,61.96,50.96,352.45,0
63.79,25.05,16.08,43.24,26.18,492.43,0
85.62,96.43,7.69,26.23,92.13,1211.66,0
63.11,30.63,10.8,42.61,78.29,687.59,0
34.77,2.35,97.7,9.53,10.75,1467.15,0
66.25,25.49,21.22,70.7,24.32,1054.36,0
67.19,17.12,69.09,82.92,45.52,546.86,1
96.06,50.68,63.65,30.74,96.29,833.86,1
37.09,11.27,63.11,56.65,10.97,1388.4,0
42.51,62.6,20.67,23.21,56.8,1574.58,0
81.21,87.49,57.93,12.75,34.13,751.73,0
50.58,36.25,62.55,66.36,64.63,227.87,0
73.66,16.85,57.04,13.41,64.87,719.49,0
45.97,40.0,18.62,78.2,24.06,1268.33,0
21.55,78.6,72.31,27.18,78.58,1524.47,0
74.52,59.15,7.32,81.85,9.13,1761.73,0
13.12,10.11,59.12,36.85,81.81,1924.64,0
19.86,53.72,43.63,36.88,21.2,1068.14,0
62.68,46.81,25.03,75.06,58.96,1762.81,0
74.73,32.71,80.74,51.03,34.73,538.91,0
89.47,11.02,17.59,20.1,60.98,1128.11,0
27.26,98.11,93.3,85.04,26.74,1087.98,0
11.07,17.6,88.46,34.02,56.9,1542.01,0
95.6,19.27,36.06,10.28,0.82,1550.78,0
15.44,14.56,30.52,41.6,37.45,584.98,0
19.77,57.02,13.75,57.4,82.64,1774.01,0
29.13,44.37,91.63,60.99,46.3,1785.16,0
52.94,24.96,62.75,83.56,49.93,1897.52,1
88.28,42.94,3.18,54.14,62.16,926.14,0
76.05,67.35,51.1,22.37,43.42,1975.08,0
70.82,28.17,8.58,26.17,86.71,1574.12,0
17.52,91.52,57.38,10.08,40.33,1313.31,0
35.77,30.63,50.9,73.59,94.26,875.87,0
47.84,19.82,8.28,10.59,87.69,1688.01,0
14.74,95.46,81.59,60.58,42.11,1532.99,0
27.34,81.06,26.23,59.69,36.58,1179.41,0
30.83,34.31,54.15,78.55,67.66,1994.35,0
12.73,84.14,63.9,7.46,75.53,513.93,0
55.02,51.88,96.23,20.29,18.59,1290.67,0
70.5,34.68,49.38,90.96,24.1,655.83,0
6.99,83.96,91.73,57.22,14.63,926.53,0
48.11,75.22,35.49,45.77,76.07,691.11,0
78.22,29.79,85.74,74.77,71.44,682.42,1
74.8,60.67,23.58,90.25,18.91,766.12,0
81.51,36.94,70.75,26.3,53.69,132.23,0
44.82,0.11,8.86,90.15,76.42,98.92,1
82.06,96.18,98.61,10.87,94.7,1455.35,0
24.08,54.96,95.39,97.77,17.85,635.6,0
36.08,59.84,44.22,16.49,30.43,62.0,0
17.64,59.99,52.39,26.62,34.83,181.33,0
46.75,55.06,59.78,9.66,62.5,407.78,0
39.21,29.0,27.5,80.37,13.64,115.46,0
24.09,97.16,67.45,98.42,19.34,1893.37,0
75.18,62.17,69.86,29.7,78.04,1145.35,0
31.38,67.09,52.51,32.56,54.21,800.17,0
27.28,45.48,14.77,27.9,16.04,1074.77,0
13.09,28.79,91.92,15.48,38.84,243.38,0
43.88,6.43,11.5,78.74,13.45,1409.65,0
30.3,35.02,62.92,6.07,36.27,1939.79,0
36.93,17.61,10.31,96.78,40.02,278.7,0
23.6,66.21,14.61,92.73,11.21,322.15,0
76.32,87.9,2.05,11.84,5.98,1264.75,0
93.0,30.28,36.34,52.95,88.16,320.82,1
49.79,33.29,63.96,99.29,88.76,269.58,1
64.3,67.04,52.15,85.26,0.26,1347.56,0
86.72,14.93,67.45,71.51,64.12,1244.94,1
99.88,92.94,67.5,2.25,9.37,451.12,0
61.35,36.38,14.02,6.84,81.01,1649.89,0
88.98,10.12,5.73,79.4,87.96,228.4,1
90.86,17.47,62.54,37.64,61.66,678.5,1
79.15,93.27,65.32,66.84,61.32,1482.96,0
46.09,24.71,55.67,73.92,37.15,1235.52,0
8.12,66.23,24.58,42.22,24.95,1208.14,0
1.58,15.62,81.08,14.34,49.93,1378.82,0
47.72,19.41,7.57,38.67,13.37,1300.0,0
49.43,87.92,63.23,87.1,67.22,1751.06,0
40.74,14.8,12.04,33.11,47.01,1146.16,0
56.82,1.88,65.44,6.26,17.76,814.54,0
55.22,50.12,41.77,95.91,58.83,1536.86,0
83.66,86.27,71.81,68.07,79.53,533.29,0
10.87,32.6,5.22,54.09,58.88,1523.99,0
22.52,12.82,55.51,82.91,52.97,574.37,0
79.3,98.22,14.49,41.12,84.77,971.15,0
84.78,67.67,68.24,98.51,1.08,1483.6,0
99.48,85.07,12.0,85.76,61.67,1262.77,0
87.29,75.21,7.36,28.05,40.97,189.66,0
88.99,69.82,71.31,37.1,19.36,904.19,0
31.43,38.46,6.35,27.57,97.96,1627.47,0
40.17,32.43,22.45,65.93,40.38,1993.59,0
26.81,71.7,82.47,63.93,33.53,944.26,0
60.63,71.67,80.97,52.25,16.9,190.13,0
93.88,95.06,85.41,96.58,99.78,745.05,1
34.46,56.87,32.61,47.23,85.61,990.05,0
55.7,29.46,52.8,78.37,7.0,165.39,0
29.63,48.95,77.33,65.81,56.58,1731.23,0
16.98,61.37,13.7,51.82,14.74,1086.81,0
19.52,42.67,72.44,4.21,71.58,843.91,0
5.79,79.11,9.75,65.75,48.41,806.43,0
94.93,58.46,91.33,64.26,11.04,76.05,0
40.29,0.94,63.73,12.49,55.7,1047.37,0
83.41,56.98,49.33,79.59,91.07,961.64,1
68.13,63.36,48.47,46.7,34.12,704.85,0
19.19,91.53,18.14,32.41,5.08,1324.18,0
17.55,41.37,34.59,82.4,94.52,833.84,0
81.2,57.45,72.71,34.34,14.18,1152.09,0
26.47,47.5,54.09,62.19,47.51,1772.38,0
91.33,53.17,52.93,61.79,54.47,740.5,1
14.01,6.73,19.52,5.28,23.71,807.89,0
67.77,89.73,69.04,42.28,17.74,1734.49,0
81.45,91.04,39.2,22.28,11.31,729.03,0
23.53,54.81,18.28,19.96,7.0,889.94,0
27.62,55.66,94.38,65.5,50.81,1605.61,0
96.45,5.76,50.68,1.14,84.2,1191.9,1
26.46,59.8,52.8,96.91,12.68,1869.09,0
43.0,42.92,98.14,39.54,70.06,951.91,0
43.25,70.9,36.64,29.88,41.26,968.47,0
25.3,4.71,94.3,92.0,3.52,105.0,0
77.58,71.09,69.49,48.67,53.6,410.66,0
77.18,28.69,63.31,61.43,25.2,1089.2,0
37.83,65.17,23.44,69.59,60.53,390.48,0
83.51,62.71,5.18,87.14,34.93,918.1,0
21.31,22.68,43.78,12.97,66.65,580.97,0
0.43,44.05,1.02,8.17,91.85,61.21,0
57.12,83.56,7.1,99.37,24.45,960.72,0
99.41,60.56,59.53,0.89,93.98,1299.61,1
3.86,6.87,72.45,70.82,20.43,689.7,0
20.8,44.29,16.79,61.11,7.07,1557.52,0
51.89,31.18,73.25,55.26,19.27,309.19,0
80.99,64.16,94.97,78.58,81.49,200.76,1
8.9,61.46,74.32,99.25,67.76,1870.99,0
39.52,1.04,78.47,4.69,97.08,1844.88,1
74.71,60.77,70.07,61.45,70.98,824.96,0
37.15,73.48,22.47,71.68,41.26,851.47,0
18.88,76.87,36.09,30.59,89.24,1705.05,0
19.55,5.9,94.93,89.29,95.81,1070.43,1
41.0,30.37,66.12,45.7,79.17,251.89,0
47.94,42.13,78.9,16.45,55.66,247.45,0
86.18,17.98,96.87,85.44,82.58,279.64,1
64.23,42.07,23.14,94.29,17.9,1565.92,0
69.04,7.11,32.17,9.95,90.04,1211.75,0
98.3,11.32,64.48,75.17,99.96,613.54,1
41.18,66.87,2.44,21.5,66.51,340.91,0
40.34,26.26,57.12,0.67,19.59,264.46,0
92.33,71.14,80.87,26.06,14.44,1487.95,0
24.59,4.81,61.04,85.49,95.94,1774.01,1
72.98,56.27,29.54,14.12,87.14,1071.54,0
75.46,39.14,72.41,13.07,74.87,1549.97,0
9.78,79.7,14.6,73.9,94.91,580.59,0
46.82,78.4,89.48,40.64,50.34,1179.61,0
20.06,37.56,10.09,14.85,88.77,887.32,0
18.54,62.27,86.35,23.0,16.28,193.63,0
46.38,22.75,49.78,79.46,18.28,984.99,0
28.94,58.04,42.86,62.33,51.23,1696.64,0
79.61,8.13,50.07,76.09,33.25,122.53,1
90.76,43.46,20.02,9.78,43.25,964.67,0
80.27,18.27,45.77,45.81,79.82,1749.06,1
26.6,88.34,84.97,79.71,5.34,1584.34,0
27.41,44.49,80.1,26.58,72.08,997.03,0
25.47,59.08,16.3,16.92,8.82,359.26,0
13.5,36.04,67.34,38.18,84.75,1700.08,0
94.38,28.87,85.68,33.34,20.19,323.21,0
40.2,20.29,81.98,18.55,73.49,568.11,0
22.47,91.19,42.56,95.39,59.19,266.06,0
84.67,79.95,4.81,48.31,38.56,928.84,0
39.92,13.33,93.12,60.81,26.75,1265.81,0
3.51,74.67,39.59,12.11,5.75,1657.69,0
16.19,41.85,36.1,61.0,35.34,933.45,0
63.93,1.54,75.95,55.53,20.05,1942.03,0
78.29,52.84,26.4,93.19,13.59,1199.8,0
21.09,13.0,83.47,41.23,73.85,1216.73,0
91.74,20.99,7.61,78.21,21.25,367.07,0
85.1,69.6,74.07,30.42,22.32,396.43,0
84.84,25.71,96.58,57.89,34.05,1161.72,1
22.77,89.19,99.58,92.7,46.27,1447.34,0
5.05,65.72,92.38,62.51,51.37,425.32,0
86.74,83.23,87.08,71.12,66.45,978.36,1
30.58,61.52,27.89,87.6,58.85,725.28,0
61.89,86.88,96.66,92.54,48.17,888.75,0
76.0,36.17,92.79,20.83,39.39,459.82,0
12.83,54.91,53.44,19.58,26.58,298.63,0
78.08,51.59,40.21,55.05,70.99,654.59,0
93.85,90.38,10.93,99.55,31.75,1740.46,0
72.84,16.49,59.06,49.02,84.96,1614.35,1
44.12,57.81,70.05,33.09,58.62,221.28,0
87.67,75.44,40.4,53.73,63.39,193.86,0
52.75,37.0,40.6,6.44,50.88,996.04,0
74.48,86.76,57.33,17.72,92.86,569.22,0
82.05,37.3,2.78,14.89,42.16,1650.38,0
74.94,17.33,95.79,2.79,42.7,982.64,0
28.79,58.4,28.99,72.22,89.3,1708.36,0
11.78,42.06,14.09,32.55,60.49,234.23,0
23.83,1.52,0.55,16.85,44.91,1940.75,0
50.29,6.98,85.69,51.22,26.22,1538.86,0
50.53,19.53,86.32,32.34,24.5,1469.12,0
58.26,76.93,9.53,39.3,80.14,1881.63,0
39.51,89.2,15.22,31.55,27.95,951.2,0
78.69,54.56,44.79,0.4,0.57,314.8,0
91.32,10.56,18.57,68.83,1.95,1003.86,0
24.67,53.44,73.58,11.07,97.84,1634.14,0
73.65,85.56,5.8,21.91,55.98,1721.9,0
67.8,74.95,54.97,19.03,48.9,987.32,0
52.31,29.11,38.28,33.14,91.79,1469.96,0
18.85,12.39,46.49,16.02,35.17,508.97,0
79.52,90.07,42.48,34.7,79.5,476.48,0
96.06,85.41,15.32,24.33,72.18,1180.79,0
72.18,5.37,22.03,6.12,47.71,855.07,0
91.79,82.37,6.48,87.06,77.46,338.88,0
98.42,9.72,11.53,30.56,96.58,1527.5,1
35.21,6.33,97.79,9.53,20.06,1073.65,0
63.82,75.86,27.98,52.15,1.75,1050.38,0
47.39,53.63,30.7,12.33,82.15,394.83,0
98.66,41.45,12.71,77.31,40.36,497.46,0
9.38,90.39,75.52,6.16,54.44,1391.56,0
41.24,83.93,92.41,46.46,22.25,1706.77,0
87.55,5.76,78.98,94.38,84.18,370.88,1
28.41,61.61,61.26,15.9,72.12,1628.44,0
78.78,77.23,81.32,20.14,95.34,1580.43,1
38.28,55.05,40.42,60.05,47.53,1633.53,0
98.0,98.3,85.95,97.99,97.66,1171.85,1
88.35,68.6,79.85,38.58,51.09,716.65,1
30.13,10.41,0.17,64.86,62.14,1546.62,0
77.02,19.83,48.78,15.23,67.41,970.29,0
33.69,82.62,26.46,64.14,48.98,459.29,0
60.64,99.68,8.62,25.27,56.28,816.73,0
65.85,9.83,84.62,61.33,22.33,926.28,1
82.96,10.03,0.79,8.87,36.24,1020.58,0
2.45,76.34,73.02,52.5,70.2,1797.18,0
22.02,6.44,98.82,23.74,3.9,834.11,0
71.19,6.86,48.2,68.17,70.04,583.93,1
56.35,88.88,37.12,74.77,30.38,1925.45,0
49.56,80.04,60.58,84.81,27.18,499.06,0
5.52,88.16,80.47,99.24,69.35,42.01,0
34.83,65.05,24.03,45.94,21.49,1702.65,0
86.51,32.25,25.07,67.06,96.17,1909.8,1
3.09,90.63,60.72,1.84,99.07,1370.62,0
39.64,29.87,93.99,90.51,45.81,827.15,0
94.51,27.55,29.84,61.57,40.14,1096.63,1
5.09,88.64,37.68,42.13,7.9,1667.36,0
74.97,68.08,99.33,43.43,77.82,1772.97,1
25.76,89.57,17.62,75.8,16.27,223.0,0
86.66,15.59,7.7,83.35,93.3,1738.63,1
74.61,95.23,58.98,80.79,99.06,1242.35,1
88.57,61.27,2.43,51.06,12.24,83.91,0
21.59,66.8,18.04,37.11,68.3,234.8,0
53.13,91.41,62.22,94.55,46.6,110.16,0
77.93,38.08,65.95,63.42,54.11,1898.15,1
24.57,71.96,51.04,54.37,17.96,864.51,0
23.07,64.03,38.37,59.83,72.35,1436.92,0
2.72,78.78,57.62,62.99,16.66,23.4,0
95.85,89.69,64.34,71.31,88.53,1590.48,1
71.0,68.01,80.35,55.32,45.4,974.43,0
63.56,6.76,79.28,87.54,63.49,1848.73,1
74.4,18.31,66.48,85.97,92.18,1051.38,1
53.16,95.4,89.42,44.23,73.79,1581.82,0
47.61,96.87,83.8,16.85,54.08,1266.34,0
44.95,96.74,13.32,57.67,40.27,1050.67,0
64.04,3.68,95.67,62.07,46.21,1897.52,1
20.15,38.24,89.17,52.34,34.17,1001.29,0
88.81,75.97,32.09,89.06,94.62,1786.93,1
81.18,75.29,2.02,9.3,25.29,91.43,0
34.96,8.59,60.4,28.74,40.93,1321.69,0
57.86,60.95,43.84,86.58,77.82,1825.09,0
14.1,14.29,74.96,93.94,36.43,1800.57,0
97.23,49.32,52.46,42.59,88.66,980.41,1
90.29,23.97,7.65,19.26,24.31,954.75,0
92.19,5.32,24.47,42.03,3.13,1624.82,0
33.22,8.0,88.25,45.62,62.88,683.33,1
16.91,91.09,3.77,51.96,50.83,1875.58,0
21.18,74.46,73.67,27.44,93.31,516.35,0
9.0,93.18,29.19,31.26,42.31,167.31,0
12.01,47.0,45.26,65.56,13.56,1548.41,0
7.13,41.33,53.1,62.18,32.97,821.35,0
98.98,35.84,25.01,66.21,39.32,724.44,0
7.41,61.63,65.2,37.73,58.31,655.4,0
13.25,35.16,69.34,33.65,27.45,1961.28,0
82.73,74.63,8.51,35.15,55.03,1151.92,0
58.02,80.13,37.39,95.12,90.8,1983.99,0
77.44,87.58,74.44,39.52,42.37,700.29,0
63.09,24.28,72.16,60.61,65.16,839.66,1
88.22,52.7,54.46,52.28,22.89,439.29,0
63.85,22.34,77.77,87.62,80.13,872.12,1
52.21,3.76,10.76,36.91,26.97,142.77,0
71.27,70.78,11.82,43.41,57.98,21.1,0
44.74,54.9,65.75,84.28,30.02,917.09,0
34.61,72.39,69.33,16.1,6.74,1497.13,0
46.77,8.76,81.45,59.43,31.97,885.39,0
16.97,99.55,18.1,39.99,21.2,1045.65,0
79.66,99.43,51.68,98.58,89.27,902.32,1
26.07,46.5,66.08,72.14,26.62,1063.07,0
15.35,86.61,22.37,1.06,97.44,1555.7,0
24.64,24.36,51.69,83.95,49.23,1611.5,0
84.21,73.76,63.84,70.32,22.11,1679.35,0
33.02,87.92,21.44,56.1,39.13,440.61,0
68.6,81.47,37.56,23.61,18.34,926.53,0
85.64,81.18,21.63,14.93,83.37,1665.39,0
7.77,46.3,90.29,62.84,12.0,1884.92,0
76.5,82.0,23.68,43.99,87.35,1095.11,0
30.77,69.07,12.08,86.16,4.59,996.14,0
21.66,13.25,3.52,26.24,29.96,1533.9,0
68.89,11.42,4.5,63.75,13.99,1983.55,0
90.98,77.19,19.16,24.88,68.53,863.35,0
29.5,62.55,60.82,63.63,51.23,346.9,0
56.88,51.94,1.76,4.83,93.93,1671.93,0
28.98,90.73,28.67,39.17,36.62,1426.64,0
55.43,65.96,5.82,17.27,4.07,307.25,0
62.19,39.61,40.37,60.59,76.17,660.55,0
61.03,41.39,4.86,31.67,57.95,1115.38,0
62.35,60.52,60.75,77.15,82.74,1468.3,0
13.51,76.03,68.84,11.46,42.61,1565.68,0
69.35,56.44,73.13,55.62,73.82,328.35,1
67.48,50.88,22.43,59.37,17.11,449.17,0
68.26,72.69,86.85,2.21,99.95,1493.36,0
7.41,70.53,69.03,3.6,17.36,249.9,0
44.68,83.03,5.67,30.82,82.98,1006.36,0
40.9,6.26,44.08,60.91,21.24,1101.06,0
8.67,75.5,76.78,96.26,78.25,691.92,0
22.24,51.38,31.09,9.08,86.13,1596.75,0
44.1,7.47,38.16,70.32,87.66,129.72,0
74.29,67.9,62.96,69.27,47.57,1559.34,0
23.71,71.65,5.55,66.95,42.88,1299.14,0
82.97,52.36,96.69,51.61,83.38,1024.29,1
54.58,79.38,17.45,96.68,57.95,1747.3,0
76.04,30.02,2.67,50.18,62.13,420.45,0
47.26,20.19,0.53,83.83,23.61,1605.53,0
49.92,35.07,39.96,26.25,44.62,391.79,0
61.97,41.01,88.43,80.63,36.94,1981.08,1
92.8,69.59,81.98,99.65,66.53,84.87,1
49.18,84.55,91.2,91.01,19.65,1115.33,0
52.87,72.09,53.38,30.41,40.58,352.67,0
60.2,17.4,44.87,84.62,84.87,827.79,1
73.75,36.62,38.59,9.53,54.64,312.93,0
7.19,15.84,4.64,67.77,89.6,403.77,0
51.57,68.67,90.95,34.21,23.25,140.74,0
48.16,24.82,49.62,65.87,43.99,35.85,0
92.17,52.54,45.51,41.22,50.04,1444.23,0
49.35,79.18,51.52,0.9,40.06,917.85,0
46.83,67.09,79.42,23.13,68.45,110.27,0
96.22,29.84,22.45,4.24,14.87,1879.16,0
45.06,33.29,70.99,42.73,51.94,1337.91,0
18.09,65.34,71.08,84.01,13.88,543.26,0
21.69,54.95,84.96,73.8,62.92,888.62,0
9.52,9.64,0.87,78.89,83.02,988.75,0
0.06,87.4,17.04,80.72,2.0,1148.46,0
43.19,51.26,47.1,37.19,45.69,1717.75,0
76.92,47.34,85.05,50.6,49.27,1188.0,1
73.35,19.84,96.51,50.85,72.03,1957.88,1
3.21,37.7,59.49,11.32,7.47,1459.08,0
57.0,33.28,21.21,59.81,40.6,1977.26,0
15.43,27.07,18.46,72.02,78.55,1110.48,0
94.11,56.74,63.94,61.1,53.21,1363.33,0
16.74,46.23,21.01,74.6,74.98,1481.04,0
62.66,88.92,55.31,11.89,36.4,1514.4,0
32.62,94.13,83.48,76.14,92.01,68.37,0
64.16,21.95,38.98,20.81,7.73,272.4,0
41.23,10.01,37.85,87.68,9.12,470.89,0
75.96,78.53,3.61,24.49,52.85,557.56,0
23.07,99.49,25.41,49.2,47.08,1812.63,0
90.58,86.36,69.82,48.73,63.85,1450.75,0
50.02,2.37,36.04,26.89,22.91,303.7,0
75.61,25.13,15.83,36.17,22.6,864.18,0
84.97,4.33,10.58,18.56,74.91,501.38,0
99.88,82.08,9.51,57.01,29.18,1663.13,0
22.39,58.14,65.91,91.3,72.73,1837.24,0
28.69,51.37,61.26,31.66,64.07,345.29,0
25.04,55.44,51.85,50.81,8.33,844.81,0
26.29,25.25,50.03,86.19,71.11,1906.62,0
58.24,60.16,15.31,45.25,87.95,1321.04,0
99.35,3.07,50.06,83.13,81.66,1738.83,1
99.03,64.6,5.99,44.64,0.89,728.23,0
52.68,73.44,92.59,44.02,53.97,435.21,0
63.9,67.3,5.8,15.72,91.33,1388.78,0
86.0,33.21,42.35,12.5,59.87,292.1,0
93.29,82.63,0.06,61.15,29.03,1683.01,0
20.39,71.55,78.62,82.73,19.45,1514.58,0
52.85,12.83,16.62,13.54,68.49,623.72,0
83.28,19.51,92.49,91.01,77.13,1007.45,1
30.32,63.71,4.4,35.89,91.26,1602.4,0
43.98,28.94,82.08,42.53,90.57,1871.12,1
98.56,11.94,65.66,89.45,33.93,717.28,1
98.5,15.5,24.97,89.63,60.39,1584.18,1
90.61,16.56,20.24,52.49,10.15,405.04,0
79.84,47.78,35.77,27.68,9.45,1809.01,0
26.91,60.74,82.84,17.19,7.15,1378.78,0
32.09,17.64,86.2,27.16,92.71,322.42,0
54.73,71.25,17.53,78.06,15.24,1484.86,0
56.08,28.1,35.34,32.46,48.23,1453.63,0
50.55,31.16,23.75,69.46,43.31,1489.75,0
63.67,22.35,12.26,19.52,32.48,702.86,0
40.83,78.52,64.64,47.85,53.77,1484.8,0
74.92,95.98,34.59,35.21,0.28,1656.61,0
33.35,49.25,22.54,50.36,38.01,707.32,0
33.07,4.2,86.6,56.99,47.93,431.76,0
12.72,26.06,74.83,99.09,80.33,1778.0,1
18.87,15.81,77.38,89.99,70.1,1248.97,0
85.05,84.28,3.92,69.59,84.98,931.57,0
44.63,8.49,91.51,15.37,37.63,1761.89,0
22.79,96.65,57.47,91.9,14.09,289.29,0
75.93,58.85,50.38,89.26,40.11,1624.96,0
55.4,51.77,1.06,88.67,96.31,991.83,0
2.12,84.74,89.77,47.9,21.43,104.2,0
31.64,2.75,54.39,17.07,17.48,1945.77,0
17.7,77.72,82.52,75.44,94.43,1560.57,0
65.59,11.66,65.55,38.85,94.99,445.22,1
27.5,84.08,79.67,34.46,14.92,1848.92,0
6.49,52.92,69.29,39.08,76.95,1871.98,0
5.49,6.11,92.1,55.91,42.97,1604.92,0
58.17,83.32,22.55,33.35,49.22,271.8,0
2.17,2.73,20.21,68.99,49.87,389.04,0
84.88,13.84,71.25,64.77,96.84,1512.99,1
15.54,79.78,50.14,50.89,18.47,1829.34,0
60.66,46.49,59.92,5.4,77.31,445.74,0
44.47,88.14,70.85,93.65,0.57,932.44,0
44.29,63.54,54.74,41.17,62.86,326.49,0
7.18,62.35,78.77,44.95,65.27,966.46,0
80.28,29.22,31.89,45.6,75.37,1292.21,1
89.31,13.37,85.9,36.5,92.6,56.74,1
1.1,96.12,10.77,67.46,75.38,1293.0,0
17.86,10.48,63.4,1.39,73.21,1286.7,0
90.39,52.9,89.01,87.35,25.38,920.92,1
54.95,27.26,25.27,10.24,99.28,1792.9,0
15.0,26.41,32.68,99.97,46.84,286.94,0
20.28,59.46,30.54,62.81,41.75,121.6,0
66.0,79.79,56.43,6.62,50.19,1001.75,0
72.48,77.72,41.29,56.24,39.41,1075.41,0
59.94,86.88,10.8,33.13,59.36,548.04,0
95.31,29.29,89.13,95.3,34.96,1924.02,1
49.41,46.58,20.47,75.55,23.99,522.38,0
30.03,0.93,53.41,50.7,92.8,554.92,1
47.72,74.69,59.48,42.98,92.78,1625.75,0
35.97,30.23,4.08,99.59,49.62,1847.19,0
22.44,56.15,9.57,66.74,96.21,1081.56,0
4.6,16.93,97.17,51.39,41.57,57.73,0
35.22,81.94,66.45,39.79,38.74,723.76,0
71.14,81.73,3.36,32.46,91.69,463.4,0
1.84,87.75,79.42,70.54,63.29,1031.82,0
43.92,4.59,50.85,58.79,76.25,1371.49,1
64.4,99.25,7.52,84.82,41.27,797.02,0
61.04,24.78,68.08,55.36,40.7,1083.97,0
77.66,30.94,49.94,58.23,8.33,1524.52,0
81.05,24.93,20.49,47.74,96.67,507.37,1
71.17,26.75,87.77,76.26,22.8,408.02,0
10.28,55.27,29.14,41.5,49.43,1615.16,0
47.5,23.98,28.46,85.19,11.46,93.31,0
60.34,39.38,27.28,32.7,64.7,318.18,0
24.56,65.56,76.75,69.26,39.09,44.47,0
4.26,83.6,70.61,89.3,76.77,1119.66,0
22.36,69.27,90.31,76.91,52.84,1208.17,0
45.49,59.43,22.93,34.26,12.95,1071.44,0
41.39,14.77,78.64,70.63,1.07,840.25,0
17.67,81.61,57.3,20.7,21.24,1067.48,0
82.44,3.73,30.87,5.82,72.43,404.0,0
92.57,26.42,3.55,79.14,82.85,1655.96,1
20.13,5.71,81.89,80.8,34.13,1961.93,0
92.96,66.74,24.11,2.29,53.59,1090.43,0
1.79,36.84,63.17,94.78,24.0,761.22,0
92.5,65.2,54.89,44.59,88.04,1587.73,1
95.19,34.7,0.44,90.53,96.52,402.28,1
1.21,45.57,99.43,78.82,75.29,655.13,0
76.3,45.8,81.43,90.07,8.89,1881.16,0
97.02,4.56,48.65,83.34,43.71,388.86,1
90.59,43.02,68.03,97.4,99.05,241.99,1
97.07,64.11,47.66,62.91,22.94,1101.78,0
55.03,54.61,74.46,22.73,67.05,1183.09,0
7.82,7.53,13.43,38.96,93.86,1202.36,0
84.98,66.81,44.64,75.19,77.32,345.67,1
61.38,30.89,33.55,15.7,60.89,1447.87,0
61.47,1.44,45.97,92.98,50.67,499.72,1
41.73,15.56,45.05,20.53,92.88,1897.24,0
57.18,49.76,14.31,87.6,39.47,471.36,0
15.36,31.04,97.65,48.37,90.13,54.28,0
73.98,69.44,1.55,84.06,43.11,1144.33,0
7.5,24.07,1.01,95.83,75.65,421.64,0
72.98,77.28,37.34,42.21,91.57,1264.58,0
84.9,28.65,62.04,69.66,55.06,473.84,1
47.25,62.09,17.97,22.67,30.99,867.61,0
50.98,79.92,53.32,80.08,5.1,375.44,0
31.22,38.56,72.28,81.99,80.93,869.05,0
96.95,4.68,9.41,29.52,62.2,290.31,1
73.31,53.54,98.44,2.41,26.3,689.19,0
36.9,99.54,33.67,43.12,87.74,413.88,0
17.48,96.9,64.24,17.0,92.03,1635.88,0
21.96,22.1,11.07,81.86,88.72,1464.12,0
46.39,75.57,70.95,26.11,60.15,350.3,0
94.26,34.5,84.05,94.37,97.66,184.15,1
73.41,16.03,10.53,97.18,87.48,70.97,1
21.52,66.59,12.59,90.88,10.43,468.81,0
85.96,50.09,28.1,59.96,98.11,970.75,1
37.82,53.92,1.19,26.74,54.88,811.77,0
85.17,82.74,98.61,80.73,92.0,1943.57,1
24.17,33.65,59.84,70.16,76.03,1588.65,0
61.87,66.71,60.76,97.72,64.76,174.81,0
92.67,36.62,95.9,37.73,32.67,334.69,0
25.79,4.27,83.2,5.88,2.7,72.67,0
69.29,37.8,81.42,99.84,27.67,293.69,1
98.73,95.0,33.95,83.83,68.58,1068.25,0
15.06,48.33,33.49,22.15,86.31,171.94,0
8.84,10.82,29.17,72.56,0.23,138.54,0
67.42,68.78,34.67,0.07,20.8,253.96,0
33.97,96.34,36.95,55.78,67.31,1345.44,0
7.12,90.79,14.0,36.28,28.36,58.33,0
47.53,57.2,35.59,38.13,14.17,1939.86,0
75.38,37.63,44.67,24.45,8.19,773.96,0
28.51,58.07,30.93,27.48,63.79,686.44,0
33.5,81.59,16.53,45.47,59.49,960.13,0
84.57,86.12,37.34,24.81,85.86,1045.37,0
52.01,81.88,48.09,46.64,31.48,851.63,0
84.27,45.55,72.07,57.73,13.67,982.93,0
44.64,11.89,71.12,71.11,79.92,692.67,1
95.3,56.92,20.27,67.71,98.82,657.57,1
65.08,15.64,3.67,24.2,36.04,74.08,0
11.59,6.1,30.38,3.92,86.53,1350.17,0
88.51,49.87,15.71,83.27,76.25,1242.2,1
48.93,65.54,39.58,87.23,91.16,1344.26,0
14.16,85.41,97.93,97.89,42.44,1883.29,0
15.27,78.28,18.11,95.97,10.13,956.71,0
68.75,85.72,31.89,63.38,11.84,1765.91,0
4.74,76.01,72.51,89.43,76.32,899.01,0
28.66,70.32,50.92,44.8,86.33,965.68,0
13.98,1.01,4.39,78.73,45.7,1273.25,0
44.11,62.61,16.17,95.53,5.96,447.48,0
41.44,12.05,93.52,79.63,6.67,450.37,0
52.19,5.87,10.32,41.58,59.86,1029.47,0
27.96,15.64,63.51,37.78,91.86,155.85,0
3.2,82.33,79.23,29.15,39.96,488.58,0
61.44,74.38,26.54,36.71,65.06,1590.96,0
37.37,94.88,72.51,82.06,54.2,938.19,0
65.13,97.9,16.99,70.15,88.98,72.71,0
10.87,89.33,28.48,24.99,83.24,140.27,0
1.38,13.29,31.18,71.15,19.93,1840.64,0
24.83,87.84,99.64,37.94,67.75,1914.3,0
45.65,83.86,21.46,55.78,84.75,1289.39,0
39.41,87.11,12.92,37.04,93.02,386.19,0
81.03,15.17,92.57,52.16,58.99,748.81,1
37.78,11.68,16.19,72.98,17.59,624.82,0
53.04,92.38,87.93,73.11,55.82,1574.61,0
59.35,17.38,65.05,75.32,66.58,1083.44,1
2.18,36.86,57.69,39.1,27.25,1563.72,0
51.51,45.6,75.13,69.05,97.3,733.81,1
34.48,12.44,72.6,23.87,22.93,1741.63,0
42.13,2.06,11.05,47.74,91.14,869.74,0
10.03,99.41,99.95,58.31,42.52,846.4,0
78.28,87.67,94.19,68.65,0.06,988.41,0
94.24,91.23,89.66,91.2,54.33,1191.78,1
2.23,28.46,62.23,30.48,62.83,1790.34,0
60.14,22.01,52.28,84.53,86.94,926.36,1
76.38,42.59,53.63,31.11,54.06,1861.67,0
28.48,45.33,1.49,55.19,9.41,799.46,0
78.76,0.56,49.95,82.81,92.68,662.65,1
63.24,77.93,62.38,72.31,56.54,604.19,0
92.92,99.67,65.87,86.29,27.15,61.88,0
98.1,52.87,33.21,81.49,89.89,1701.31,1
4.23,38.83,47.13,27.63,12.09,176.88,0
44.49,39.28,63.63,99.29,9.75,681.98,0
54.7,9.61,42.83,93.7,53.5,515.9,1
14.67,26.62,96.21,43.02,62.49,1493.98,0
33.63,50.21,70.54,4.72,51.1,1866.52,0
98.76,43.18,0.13,30.35,92.9,1637.09,1
1.62,54.5,2.33,83.62,26.28,653.6,0
45.25,84.91,69.03,95.09,99.02,922.4,0
84.27,22.52,41.26,83.17,1.93,509.13,0
32.39,2.77,83.95,39.67,11.85,1849.48,0
47.98,3.82,17.3,5.65,18.57,255.11,0
97.8,13.42,1.38,51.76,7.96,1904.87,0
47.49,57.05,38.81,37.64,43.82,1631.04,0
13.09,80.82,73.61,12.3,86.54,1428.92,0
5.17,88.68,97.17,10.59,82.08,1552.51,0
94.54,63.51,88.37,15.3,74.48,691.91,1
26.58,40.31,48.41,20.58,0.74,605.86,0
50.41,15.45,81.28,75.38,86.57,775.21,1
9.07,40.14,7.03,38.17,39.65,379.59,0
42.37,33.24,57.23,43.69,73.16,1497.79,0
93.01,87.0,92.43,59.84,72.69,960.59,1
50.24,48.67,39.64,96.01,17.75,1773.9,0
97.11,22.62,96.01,75.65,51.54,1759.2,1
25.88,28.88,22.07,64.57,92.62,328.59,0
50.45,13.65,10.56,74.38,26.3,453.26,0
85.95,91.86,52.48,71.93,71.5,833.07,0
44.83,5.03,90.72,69.02,95.81,255.25,1
27.95,1.28,31.13,49.64,36.06,1385.08,0
85.55,18.3,80.02,56.68,38.76,1480.44,1
38.99,81.09,16.92,46.15,45.26,1448.27,0
53.07,52.35,74.56,39.5,80.9,951.02,0
97.65,62.58,55.7,27.08,43.93,1689.57,0
18.65,35.77,17.5,35.52,48.62,1219.57,0
30.14,6.87,71.81,42.85,22.23,1987.35,0
3.11,85.62,71.38,57.94,98.83,1634.57,0
39.18,19.19,51.54,49.99,89.24,1450.07,1
20.02,3.31,22.55,10.79,60.03,264.14,0
68.0,57.27,13.23,34.0,96.06,1668.55,0
18.13,8.33,95.73,37.62,68.7,625.03,0
67.48,9.58,65.58,70.69,95.91,849.45,1
26.35,80.04,80.92,33.29,16.15,936.27,0
35.52,49.16,69.7,0.8,22.55,675.99,0
34.89,24.15,82.95,8.43,88.52,234.71,0
71.68,34.86,16.25,49.7,41.99,414.74,0
46.65,72.92,49.7,18.85,37.12,1610.86,0
36.13,6.64,66.71,49.46,75.43,1311.49,0
85.26,11.65,10.34,57.42,63.03,1886.83,0
57.2,61.63,15.0,93.34,34.41,1645.72,0
21.38,60.7,63.4,65.56,39.79,816.4,0
90.01,97.25,86.87,3.1,40.84,1576.69,0
34.27,37.45,66.04,38.07,12.63,1161.33,0
3.9,6.51,3.62,79.35,22.96,586.88,0
49.46,53.75,97.04,26.06,53.75,1950.68,0
12.39,63.83,13.95,92.5,78.18,1858.41,0
23.85,13.96,23.26,52.9,41.9,242.15,0
74.71,55.29,97.5,9.24,38.34,1682.05,0
13.08,19.78,77.1,24.17,65.05,173.82,0
80.69,84.47,93.66,90.63,15.73,1859.06,0
93.69,83.52,80.66,99.15,38.08,1255.85,1
60.65,42.96,65.17,86.3,20.81,349.83,0
71.04,96.67,28.46,32.07,65.16,1638.18,0
71.36,97.98,32.69,76.88,11.24,1041.25,0
99.28,12.93,94.73,22.22,44.78,137.91,1
34.15,36.77,86.06,38.45,59.62,1600.89,0
16.29,60.03,35.95,69.72,83.37,1580.91,0
51.92,8.48,37.33,96.89,72.46,974.48,1
53.32,38.27,29.77,43.92,94.29,1467.6,0
17.79,26.12,32.61,49.58,67.99,99.49,0
61.31,95.21,86.07,22.02,34.92,649.85,0
1.41,41.16,1.05,40.32,23.17,1352.98,0
92.77,76.27,43.61,6.3,5.66,476.6,0
26.46,38.67,94.28,85.86,27.76,911.81,0
3.96,13.18,54.26,2.33,13.68,1865.25,0
10.82,86.32,45.04,68.35,36.92,1656.97,0
24.02,0.04,31.24,27.32,70.26,1124.83,0
27.39,5.59,7.39,47.61,69.2,1161.9,0
3.28,36.44,22.45,28.16,31.82,1776.27,0
27.94,68.69,9.05,40.01,50.86,1728.86,0
19.29,34.17,12.67,54.68,21.68,194.83,0
37.86,6.63,16.35,64.09,50.3,941.84,0
38.52,31.78,30.2,94.03,51.01,397.89,0
33.9,24.5,1.1,33.22,30.13,184.78,0
32.79,0.54,95.01,58.49,25.95,598.94,0
8.97,53.48,12.38,90.17,97.96,1229.07,0
2.52,11.66,38.31,29.02,53.71,1592.85,0
20.21,28.75,87.95,86.5,56.21,1826.7,0
75.66,64.12,10.66,95.76,0.78,857.45,0
99.08,72.51,48.36,84.75,18.18,856.2,0
92.85,26.35,84.48,56.99,35.66,323.44,1
50.42,32.92,55.7,72.21,96.6,405.79,1
53.18,24.69,21.03,48.11,17.52,222.94,0
31.46,95.69,73.55,59.73,30.33,1952.28,0
77.39,19.05,68.13,97.45,99.02,272.64,1
76.48,18.32,36.22,25.11,48.11,1518.15,0
84.43,44.5,4.63,79.25,31.84,649.17,0
89.55,18.93,0.79,50.62,63.44,1083.55,0
43.43,15.67,82.54,17.69,49.63,1747.97,0
76.69,9.59,32.16,64.35,95.74,1873.61,1
80.64,64.02,13.78,79.24,8.32,495.66,0
30.85,61.21,51.86,56.88,79.05,1824.31,0
92.92,65.02,92.08,83.74,27.91,519.06,1
9.43,77.33,0.85,36.59,80.67,1613.5,0
99.43,32.64,5.61,91.38,84.77,50.2,1
77.01,91.84,41.7,64.83,84.92,1079.76,0
9.33,73.32,67.6,80.32,86.67,1457.11,0
65.62,80.47,47.61,27.3,71.81,1681.1,0
3.42,72.1,89.75,44.61,14.24,1685.44,0
77.02,35.85,4.41,90.96,5.19,611.76,0
79.92,28.3,34.01,5.09,34.08,1709.24,0
60.24,42.25,35.13,40.4,49.51,660.82,0
85.69,9.7,34.01,78.03,30.26,482.86,0
9.79,45.13,48.77,74.38,74.22,22.92,0
27.59,4.31,79.06,85.16,72.24,486.72,0
41.42,0.39,31.79,73.94,97.19,254.51,1
4.25,93.15,74.45,94.71,40.06,1356.37,0
44.82,68.93,14.65,49.83,78.57,306.68,0
26.52,56.18,56.07,62.43,74.12,1179.06,0
39.27,34.11,37.51,84.77,98.87,270.41,0
42.51,57.05,53.92,70.17,77.36,1414.75,0
87.94,89.16,10.77,10.21,28.36,585.38,0
27.03,65.24,95.35,36.7,1.53,631.22,0
89.37,60.25,90.62,55.26,96.82,1287.96,1
42.6,46.02,82.64,75.47,71.61,1879.11,1
32.78,34.57,89.28,54.36,81.26,1983.37,1
50.25,69.85,14.67,77.75,79.32,727.38,0
41.77,98.1,50.37,83.76,73.58,1893.73,0
25.74,42.48,31.79,26.51,75.15,1232.4,0
50.27,39.22,88.74,61.61,92.95,1814.81,1
15.18,42.81,18.94,55.71,91.41,75.15,0
35.19,42.55,21.99,22.73,37.92,85.68,0
56.58,99.06,68.67,48.99,3.1,167.66,0
41.34,70.68,8.89,54.86,3.87,1612.7,0
82.39,35.92,73.24,81.73,44.66,293.15,1
25.67,37.15,26.81,46.1,83.5,369.64,0
96.98,43.08,66.09,8.09,84.76,1179.09,1
78.47,3.67,87.3,48.73,40.44,1915.74,1
96.76,52.78,60.96,83.8,30.16,1142.88,0
83.81,81.14,21.27,57.13,50.66,1470.54,0
14.21,66.06,4.92,31.89,83.25,391.71,0
52.65,19.84,4.46,92.1,63.65,1830.06,0
17.0,72.8,8.88,15.57,13.98,130.64,0
81.82,71.95,57.98,32.69,36.22,579.98,0
58.42,26.25,34.82,43.71,55.54,918.37,0
26.34,62.29,24.31,73.8,53.83,467.82,0
92.96,61.09,21.93,83.57,83.06,1334.25,1
11.52,83.98,94.86,5.86,93.22,1364.01,0
56.39,13.61,11.88,79.2,10.05,439.48,0
72.1,19.48,30.48,72.05,22.44,37.01,0
5.88,48.6,47.15,89.47,39.22,167.15,0
59.79,4.41,0.04,90.04,29.64,20.85,0
81.59,41.56,92.1,77.75,40.83,1812.68,1
6.75,78.82,9.91,19.02,4.07,1250.9,0
51.22,14.87,68.25,31.39,6.6,294.1,0
25.86,45.99,62.89,93.63,83.84,203.18,0
66.29,98.98,80.91,59.82,10.26,1638.84,0
11.87,50.59,65.14,53.88,82.41,1625.86,0
93.71,49.83,76.94,91.57,30.65,1856.21,1
89.47,55.88,42.12,87.42,30.92,335.36,0
18.6,18.6,48.87,72.75,10.07,1054.1,0
32.33,14.72,70.17,88.23,1.33,260.52,0
58.76,67.74,56.84,11.38,35.53,1595.37,0
71.81,39.58,51.15,75.75,83.54,836.72,1
44.27,28.99,20.56,96.56,92.0,1397.73,1
15.63,3.14,25.81,4.9,6.16,80.02,0
10.42,84.61,35.85,22.3,3.09,1560.3,0
99.98,3.23,0.93,79.4,15.88,474.38,0
45.54,75.0,41.74,52.0,76.63,1688.75,0
87.25,38.2,0.28,8.66,20.49,388.0,0
48.24,59.87,56.5,26.8,23.08,1584.39,0
92.24,24.77,70.4,32.41,88.89,285.53,1
8.78,15.54,56.21,32.11,87.49,1333.57,0
11.4,53.34,69.35,87.77,67.03,1562.93,0
92.96,69.56,0.0,66.2,16.4,784.74,0
94.75,19.55,5.94,73.49,38.11,503.78,0
31.47,43.64,69.85,1.36,23.62,702.16,0
35.52,44.47,80.29,42.75,67.18,607.25,0
45.25,21.6,71.77,31.78,77.99,1273.47,0
41.62,56.5,66.3,85.19,14.21,108.23,0
19.0,14.59,70.74,95.39,89.8,102.04,1
89.84,50.97,73.96,42.33,46.28,589.79,1
25.33,11.34,72.44,97.31,79.5,568.41,1
70.53,48.55,73.8,1.44,5.16,370.6,0
6.72,31.16,7.4,32.57,36.06,1439.29,0
3.88,45.22,6.33,77.49,1.48,67.05,0
65.37,43.37,36.11,36.01,71.85,1849.98,0
33.9,90.79,52.76,92.1,7.95,1519.82,0
65.55,48.99,76.26,21.85,33.83,817.86,0
9.4,81.85,33.47,79.57,78.17,1720.69,0
94.99,22.57,27.51,20.17,74.9,1243.94,1
74.85,35.21,78.14,19.71,64.03,1149.05,0
87.63,7.51,24.93,44.57,69.4,639.78,1
13.65,42.07,82.08,94.49,65.12,1332.95,0
32.02,66.87,17.71,58.55,64.13,296.6,0
36.83,83.82,35.95,63.5,34.97,1059.3,0
53.72,56.59,40.11,0.97,2.82,249.9,0
29.69,64.01,29.95,5.66,44.18,901.39,0
6.06,17.73,0.34,6.69,4.55,1240.22,0
36.89,3.72,23.55,81.96,46.89,327.9,0
25.45,79.17,33.77,23.69,46.41,459.8,0
38.59,16.7,31.36,32.88,17.87,1630.25,0
19.7,9.12,78.56,61.0,78.43,526.31,0
26.19,93.76,4.74,58.4,70.42,209.2,0
62.7,96.35,38.89,41.05,55.95,674.77,0
38.82,61.63,3.75,0.43,92.59,1871.58,0
34.54,37.86,93.06,44.96,28.72,1393.69,0
53.39,83.32,79.02,73.89,26.2,1159.36,0
77.19,20.47,98.22,23.52,18.34,1684.03,0
37.89,42.94,91.02,70.84,54.44,1327.17,0
58.75,35.7,31.58,1.52,20.54,1626.07,0
96.62,91.27,69.16,90.8,86.89,1321.17,1
52.2,91.98,30.66,95.0,30.43,1731.23,0
90.98,65.09,88.82,0.25,49.09,1255.54,0
79.37,11.07,41.08,45.78,52.95,544.45,0
5.87,48.22,37.59,41.38,30.76,101.41,0
42.91,24.53,91.41,84.19,73.84,228.53,1
69.83,88.49,83.67,54.07,69.21,1034.64,0
98.67,13.84,96.64,61.14,76.08,1944.1,1
45.84,5.43,6.65,20.25,60.59,1523.73,0
9.28,70.44,24.33,7.71,46.02,1555.38,0
56.2,45.33,30.09,69.23,44.89,1334.3,0
12.66,83.84,42.44,62.07,71.65,1808.91,0
75.15,7.46,47.31,83.23,37.7,1476.21,1
50.77,80.11,29.15,84.47,43.73,531.56,0
72.34,3.73,79.05,63.1,16.37,1008.97,0
86.94,2.81,22.32,53.84,67.96,820.6,1
62.89,46.13,69.65,91.4,7.69,347.47,0
61.24,22.13,85.18,80.13,99.05,460.31,1
75.46,59.37,60.37,88.24,14.37,584.61,0
84.25,2.58,35.42,99.58,38.3,363.81,1
86.91,3.54,18.79,40.35,23.78,450.27,0
3.64,72.71,13.43,71.69,29.07,1834.46,0
55.62,21.02,74.42,68.81,32.25,699.61,0
21.63,65.64,46.91,17.41,71.83,1658.48,0
86.03,74.99,4.63,63.65,17.67,147.49,0
64.84,5.93,98.38,42.81,26.39,1963.98,1
42.02,76.98,67.13,45.06,10.12,1534.29,0
18.81,26.84,84.42,18.01,33.15,1815.3,0
33.9,38.95,43.82,74.47,94.12,1061.3,0
70.38,8.66,95.54,69.79,38.01,1276.39,1
20.44,83.86,19.95,53.23,77.73,734.42,0
9.36,56.07,18.51,15.67,46.17,875.42,0
88.8,50.47,89.03,55.69,44.96,1506.47,1
76.42,96.86,89.17,10.01,82.4,118.94,0
19.98,33.45,49.9,33.94,2.68,92.37,0
29.23,89.08,12.58,37.24,86.49,1752.34,0
97.21,71.97,30.52,88.34,48.52,237.82,1
70.82,92.85,75.42,41.56,35.11,1447.64,0
61.05,90.78,84.6,59.85,90.68,415.09,0
30.76,99.1,34.77,87.48,33.99,745.09,0
29.91,13.17,6.12,42.58,97.77,601.23,0
3.95,79.6,66.57,88.37,93.64,990.86,0
72.85,80.45,73.95,13.65,26.79,1656.79,0
4.32,64.44,42.4,36.48,34.06,1753.56,0
0.49,27.89,58.31,9.47,81.22,459.65,0
72.95,96.51,98.74,56.09,19.56,688.54,0
94.89,20.44,24.5,95.73,73.2,1677.1,1
75.65,49.96,57.3,65.7,12.92,197.48,0
47.16,52.15,61.1,62.61,20.56,251.46,0
48.6,16.18,54.91,27.82,50.05,969.57,0
43.61,72.25,86.91,93.11,74.59,1584.49,0
32.46,8.89,60.5,47.15,73.94,685.23,0
52.17,69.31,50.79,26.7,60.89,157.48,0
43.12,84.86,12.3,98.77,27.21,1936.38,0
59.82,34.94,70.32,42.31,41.54,1879.04,0
89.81,70.94,13.21,37.15,24.62,1310.76,0
99.5,15.68,2.66,3.5,27.7,1370.12,0
7.87,84.59,48.85,17.83,32.32,1868.72,0
38.47,95.2,57.24,80.92,59.88,1294.85,0
18.07,15.27,99.91,48.27,20.76,1581.06,0
35.21,69.19,71.23,95.49,4.26,937.76,0
28.75,50.58,84.86,8.39,69.25,471.45,0
17.45,53.15,34.64,61.59,2.18,1668.41,0
76.41,70.65,50.89,72.0,97.08,1375.08,1
49.63,48.87,97.43,62.12,35.03,593.33,0
91.92,60.03,41.74,52.99,0.66,1254.09,0
3.26,23.09,80.73,57.83,88.46,1636.64,0
6.7,37.85,52.6,68.95,59.98,555.28,0
40.33,86.52,22.4,86.33,81.74,1540.94,0
8.03,10.99,58.04,33.63,43.5,163.24,0
26.27,59.76,21.81,45.97,35.42,1257.4,0
98.6,18.43,0.3,63.59,65.52,1997.89,1
20.9,84.65,23.59,31.42,40.6,1735.42,0
19.81,57.9,19.31,17.88,55.62,1753.8,0
57.36,40.3,37.09,96.62,27.78,1367.11,0
49.8,24.98,88.86,19.47,33.26,933.15,0
58.04,43.68,38.79,23.27,8.22,1360.89,0
37.67,95.76,84.52,61.87,78.14,655.96,0
82.68,50.92,55.56,7.74,34.89,1114.48,0
13.86,46.95,0.76,3.4,97.5,1088.57,0
42.84,74.63,18.87,6.4,25.98,1096.59,0
68.98,37.9,93.13,12.33,47.51,835.74,0
86.82,42.74,60.42,42.92,30.55,718.55,0
36.96,33.69,92.95,82.93,69.39,674.1,0
56.77,15.09,31.01,34.2,80.84,464.97,0
6.91,71.38,71.66,42.75,48.7,888.32,0
17.03,87.3,77.2,60.03,36.69,253.14,0
6.91,90.56,97.57,30.21,74.48,1805.12,0
72.79,88.08,1.82,43.25,19.15,157.97,0
28.81,45.18,95.22,38.63,59.95,1678.09,0
72.37,28.41,39.16,34.19,73.36,497.67,0
6.64,63.79,83.8,38.84,26.93,1709.37,0
86.25,95.47,54.47,1.11,65.57,1446.13,0
83.55,72.71,56.46,88.63,73.52,1843.53,1
8.89,49.48,35.94,97.73,11.74,1743.06,0
2.38,68.88,82.85,86.25,32.39,1408.15,0
5.63,77.25,26.4,0.57,40.63,320.32,0
85.36,91.93,49.22,75.09,77.6,1107.11,1
23.47,76.32,56.02,57.31,56.75,692.86,0
54.83,43.32,74.25,9.42,44.96,1773.84,0
42.62,27.36,47.16,93.29,31.88,1747.01,0
79.55,49.99,68.03,77.62,0.41,641.79,0
48.89,32.82,48.53,14.53,2.02,1349.97,0
50.07,94.28,65.93,96.4,24.04,689.8,0
98.91,50.8,67.41,12.62,11.67,1362.82,0
15.01,47.21,70.94,45.47,11.96,1235.46,0
83.07,34.82,82.33,15.9,60.27,1031.68,1
5.17,63.94,54.07,15.02,60.55,1759.24,0
47.76,52.01,19.33,96.78,4.48,507.18,0
88.63,12.9,67.96,57.21,59.39,1598.98,1
66.52,86.92,7.71,25.92,14.58,1385.23,0
68.52,35.9,21.9,77.64,37.72,576.91,0
26.33,43.26,79.22,87.52,98.97,854.94,1
41.86,20.57,43.51,91.76,52.2,156.65,0
36.66,55.34,49.8,93.3,3.42,1203.2,0
52.14,70.21,98.74,90.56,34.77,1778.02,0
46.22,88.12,23.52,63.89,67.09,253.28,0
32.69,5.16,1.96,34.25,22.46,281.36,0
30.55,97.33,11.14,92.56,96.44,959.64,0
25.09,70.38,24.45,12.25,42.53,576.84,0
36.5,28.43,72.59,16.88,2.11,568.32,0
14.99,20.45,77.58,43.38,54.06,1284.57,0
87.21,29.61,56.55,28.37,67.62,832.31,1
60.21,87.57,25.5,61.57,45.6,1692.4,0
13.38,29.14,52.17,90.53,92.82,869.23,0
69.39,46.28,1.5,49.1,90.19,1238.25,1
84.77,70.57,68.18,55.39,13.9,807.82,0
23.75,87.2,61.43,42.31,7.99,526.93,0
15.06,65.86,2.18,70.76,31.23,953.24,0
0.86,75.31,81.7,10.07,60.81,1446.55,0
4.73,17.33,76.34,4.86,60.16,1906.56,0
76.23,87.74,30.82,64.13,27.16,103.49,0
98.72,27.57,63.54,53.49,95.11,1073.02,1
4.49,12.84,60.15,40.74,30.73,1279.21,0
74.81,97.62,14.32,33.4,80.42,189.73,0
7.19,20.16,19.33,5.18,83.2,1661.76,0
59.21,13.67,68.32,68.06,9.84,566.38,0
75.61,62.6,93.36,42.15,23.26,1752.33,0
35.92,31.89,57.63,44.53,21.52,1114.16,0
1.09,13.33,56.78,89.34,91.97,321.12,0
59.52,60.11,64.67,73.75,35.11,1483.66,0
99.12,75.9,44.06,21.94,83.65,331.31,1
25.76,79.32,5.42,65.72,47.8,1446.35,0
18.95,15.55,39.65,13.23,45.72,1620.23,0
12.39,55.69,90.03,19.41,90.34,1159.55,0
55.53,81.37,80.49,71.41,44.09,556.76,0
59.64,16.11,92.74,12.59,74.49,885.93,0
79.23,20.77,15.28,28.02,42.44,1065.48,0
75.31,0.24,50.6,89.81,10.19,1338.25,1
89.25,52.46,58.47,73.83,5.31,1275.17,0
80.58,19.47,20.99,92.95,20.82,812.84,0
24.73,72.42,20.1,88.18,72.23,1521.17,0
55.59,96.22,78.2,31.26,37.36,1547.4,0
29.74,20.88,67.19,63.24,45.41,1398.74,0
32.98,64.91,64.72,37.87,10.19,558.87,0
93.19,21.18,26.7,69.71,62.3,949.4,1
68.19,1.8,50.68,34.85,80.34,876.86,1
97.46,75.86,2.31,0.13,62.47,1637.25,0
41.69,43.4,12.99,9.39,98.46,1620.2,0
53.74,94.68,51.83,77.1,1.63,1734.84,0
48.71,53.43,30.97,8.4,1.57,477.73,0
10.73,15.75,96.57,59.94,50.0,1501.94,0
23.67,44.98,47.15,85.78,26.64,1743.39,0
52.76,20.29,8.36,74.11,68.65,349.65,0
6.74,87.8,1.78,41.34,79.32,99.08,0
93.15,69.09,72.53,20.86,10.24,228.91,0
12.38,34.12,17.15,92.25,91.73,1220.28,0
19.8,52.78,18.78,56.64,2.99,854.86,0
76.53,66.95,42.38,40.54,68.84,406.2,0
9.69,78.29,26.41,94.21,38.45,1066.04,0
90.03,8.01,61.66,21.5,66.74,1575.33,1
72.57,2.25,48.57,44.23,9.76,1714.52,0
6.86,11.45,11.15,10.86,93.71,1508.41,0
69.18,39.5,78.47,12.49,93.74,1773.31,1
63.16,46.67,42.59,39.86,51.94,1216.29,0
75.73,13.65,61.08,69.97,50.96,1677.41,1
82.82,41.12,0.39,33.89,63.48,846.03,0
71.84,44.16,62.64,68.96,58.01,1707.91,1
58.62,10.91,28.28,80.52,54.35,1793.71,0
32.25,91.67,49.44,87.76,58.92,1379.09,0
69.73,59.91,29.77,4.47,85.86,873.47,0
95.7,38.85,99.63,77.37,61.11,577.71,1
58.75,50.69,23.08,14.71,19.58,663.86,0
66.43,31.42,91.29,69.83,91.39,282.06,1
43.71,85.43,91.8,37.17,21.6,113.38,0
75.61,57.5,42.1,70.78,16.52,840.55,0
99.77,49.49,30.4,21.38,99.71,104.48,1
16.04,91.09,38.1,64.5,21.34,1763.56,0
20.24,83.8,98.93,12.55,10.01,1306.92,0
53.94,81.28,61.88,16.97,56.2,1690.46,0
48.14,22.56,54.48,61.45,82.72,899.94,1
57.16,15.31,3.59,33.68,6.08,463.43,0
4.91,69.01,84.78,70.38,49.01,594.75,0
40.43,46.86,8.38,68.52,6.85,1712.37,0
58.3,68.37,4.7,62.16,42.87,261.35,0
58.52,76.06,27.49,73.05,34.4,1402.57,0
65.73,29.53,47.58,79.39,13.71,466.87,0
72.02,28.47,89.53,91.14,93.1,719.28,1
64.15,49.08,79.01,8.05,63.49,26.03,0
79.02,27.35,19.76,57.15,84.31,968.6,1
62.48,66.73,37.21,74.88,90.59,274.14,0
53.75,74.67,78.02,21.69,93.02,1722.1,0
60.62,47.2,52.71,26.36,74.81,213.5,0
10.12,72.38,17.45,26.7,30.69,515.73,0
27.32,51.04,39.61,57.23,82.89,49.3,0
52.74,71.29,62.59,36.62,52.02,1985.9,0
87.3,22.5,97.32,66.61,27.17,1290.05,1
67.91,73.88,66.18,61.02,38.58,1294.28,0
9.04,71.51,1.62,65.71,30.12,1047.34,0
59.23,26.66,70.5,25.23,46.62,1738.75,0
22.17,55.6,25.09,76.74,78.13,305.49,0
73.4,85.53,86.22,66.4,48.49,1589.85,0
82.74,24.95,38.39,13.06,26.79,1618.1,0
59.35,73.6,19.96,20.02,8.74,91.53,0
59.14,95.4,46.79,30.1,85.58,282.7,0
33.86,86.62,25.52,93.6,41.74,1103.35,0
44.63,40.15,23.58,32.63,44.19,198.58,0
86.41,60.72,57.33,1.99,76.37,579.09,0
72.33,99.18,76.73,14.16,84.97,819.27,0
51.98,56.84,83.5,3.22,51.11,331.29,0
36.82,11.5,39.77,40.28,63.24,1414.21,0
5.04,4.54,6.68,79.72,23.92,1000.22,0
14.3,79.03,48.4,45.04,93.51,1286.84,0
19.3,42.36,43.38,83.9,56.79,959.11,0
37.34,24.68,19.7,4.75,71.96,836.72,0
94.41,34.77,89.61,46.97,11.42,994.93,0
50.52,75.74,97.41,78.71,63.69,1801.04,0
23.48,46.52,5.17,67.47,36.89,804.16,0
10.58,86.85,79.57,85.28,45.01,1291.68,0
33.83,73.49,64.57,27.38,68.22,1671.25,0
81.57,97.4,26.14,50.09,79.63,1249.75,0
38.33,88.85,63.52,67.69,34.94,467.61,0
77.25,25.45,12.86,16.85,87.32,261.48,0
80.27,65.91,6.94,81.58,21.9,1189.94,0
11.08,2.05,99.35,31.15,56.29,1460.24,0
60.87,99.11,63.64,9.33,15.13,1542.1,0
95.91,26.1,25.32,76.57,28.92,1393.73,0
40.21,66.48,45.0,70.5,89.54,26.84,0
5.09,84.92,95.01,88.37,1.16,1552.2,0
92.33,16.05,43.87,89.21,91.56,1217.15,1
88.37,84.79,90.04,27.85,32.84,1976.6,0
52.21,1.22,86.88,64.14,69.58,1533.88,1
55.23,44.2,34.42,99.91,9.17,871.81,0
21.17,47.2,69.6,24.38,64.13,1358.78,0
81.95,37.41,66.05,47.29,90.95,1239.55,1
49.86,58.64,77.12,91.02,55.52,688.04,0
3.39,91.48,36.59,10.31,36.21,1076.39,0
68.3,32.7,5.22,92.82,79.36,424.67,1
95.05,57.93,17.1,48.82,71.27,193.9,0
82.92,87.75,61.66,89.3,11.77,1471.39,0
27.72,77.3,77.51,62.14,66.57,780.57,0
5.33,4.07,75.6,67.14,66.47,1516.31,0
94.04,94.28,58.37,77.3,75.19,986.91,0
93.71,4.66,8.48,6.71,31.63,1623.38,0
53.24,58.88,1.73,62.78,40.13,1484.43,0
64.23,57.54,78.21,92.39,96.0,1532.98,1
46.26,78.64,54.94,95.61,57.35,870.08,0
41.98,14.84,78.27,96.83,50.85,1923.13,1
11.94,17.94,16.28,64.58,98.68,822.4,0
9.68,75.21,40.74,63.33,22.96,1590.42,0
23.27,14.95,91.92,55.25,39.79,989.39,0
83.66,46.94,17.16,60.76,75.99,485.47,0
14.58,73.16,6.15,61.21,71.31,1265.25,0
22.67,65.12,65.35,4.24,96.67,948.84,0
54.86,21.06,59.45,8.89,65.43,542.86,0
21.51,30.4,95.2,61.94,31.31,777.41,0
16.32,96.9,90.65,31.42,39.77,336.68,0
56.33,44.87,74.94,30.14,8.97,1974.35,0
36.81,4.45,1.92,19.34,92.37,1293.5,0
62.62,21.96,48.04,80.11,12.87,363.62,0
91.22,34.24,89.61,96.43,54.57,1533.88,1
15.1,99.95,43.37,62.78,40.14,1211.72,0
91.34,30.27,96.21,94.54,13.42,1450.65,1
90.25,2.64,65.25,88.39,29.3,1177.28,1
82.91,51.29,10.95,21.79,63.36,139.73,0
63.13,8.36,50.93,15.35,3.13,422.41,0
62.01,27.41,69.56,21.16,96.6,1542.11,1
63.92,99.24,6.54,9.62,90.91,1513.61,0
69.05,70.46,34.46,58.29,8.46,1512.67,0
1.65,5.07,71.71,28.27,86.84,50.13,0
95.81,44.87,15.71,91.29,32.86,1614.2,0
58.56,17.16,34.83,61.34,6.75,889.47,0
78.15,12.29,68.99,35.96,30.61,1393.45,1
37.73,58.71,77.55,98.46,80.89,558.72,0
1.24,50.57,51.85,95.32,66.58,1543.67,0
50.97,74.29,95.69,77.86,23.86,1964.92,0
50.72,89.23,92.53,79.17,71.92,522.01,0
43.7,24.67,47.34,97.73,70.78,1572.71,1
33.97,92.3,16.03,60.05,74.29,1217.8,0
24.98,51.8,77.29,88.0,54.07,560.73,0
52.75,25.88,24.31,6.48,81.89,602.83,0
37.53,84.58,84.28,55.41,64.14,1468.64,0
96.99,3.55,58.71,50.25,12.54,583.01,1
17.29,55.95,39.41,3.77,81.03,114.63,0
31.97,72.16,55.64,8.7,32.38,1750.44,0
29.4,28.0,53.28,2.18,70.5,1186.12,0
54.33,86.35,92.47,29.4,67.51,1521.78,0
49.93,24.03,21.44,5.35,33.59,1214.38,0
64.37,83.99,92.82,42.32,16.17,1042.59,0
95.0,7.85,3.13,81.27,69.5,1544.57,1
28.52,15.99,76.92,61.38,84.9,83.67,1
69.28,38.1,91.97,67.38,83.82,637.54,1
2.5,85.41,39.41,3.15,62.65,1262.39,0
26.24,14.46,7.31,83.95,22.74,1889.07,0
46.37,87.54,80.47,14.62,31.62,799.43,0
3.1,22.97,84.29,30.27,75.46,1951.08,0
61.77,45.25,33.63,51.68,41.09,1515.46,0
67.83,35.27,51.86,93.0,73.25,980.09,1
74.67,11.81,80.95,99.81,30.94,869.73,1
51.66,94.43,19.2,78.27,0.63,276.3,0
60.39,43.82,62.9,72.93,60.35,1238.08,0
39.61,69.03,43.06,52.77,60.09,123.66,0
4.13,57.53,17.44,66.56,62.76,869.57,0
10.0,50.17,83.14,14.44,26.82,490.66,0
65.5,61.66,32.47,26.92,81.11,1913.45,0
99.56,89.83,93.44,98.46,48.75,739.26,1
1.58,69.93,56.89,97.96,76.24,988.72,0
55.76,53.25,51.45,32.3,61.11,763.48,0
75.1,64.52,42.33,24.1,41.61,291.68,0
82.68,60.64,40.07,22.95,67.96,718.11,0
54.52,43.31,81.8,48.49,57.5,1562.42,0
61.99,62.48,67.75,22.38,51.07,1249.97,0
69.67,44.36,77.37,64.85,64.86,886.08,0
85.9,75.76,42.11,7.48,8.59,1644.73,0
12.23,96.89,26.14,10.37,91.03,28.21,0
92.62,95.99,8.69,27.69,33.51,1656.67,0
2.6,82.07,77.67,77.74,22.47,137.88,0
83.62,60.18,41.53,32.33,77.18,1743.14,0
7.67,74.93,50.92,47.08,23.12,1896.19,0
19.46,17.8,46.93,65.66,99.58,1641.96,0
0.39,47.9,43.11,78.85,42.05,58.8,0
44.53,25.73,68.39,30.71,29.66,1061.89,0
33.44,0.35,60.87,73.1,6.21,1661.02,0
16.6,96.67,97.21,28.61,4.18,1099.13,0
45.11,86.38,13.89,64.45,9.51,732.67,0
40.24,51.37,57.35,45.09,0.5,951.98,0
76.77,25.42,6.32,92.66,32.71,179.77,0
89.31,69.3,80.79,98.21,31.05,1002.7,0
65.26,43.48,61.63,77.41,43.01,75.14,0
12.44,80.33,42.84,91.55,23.29,1295.35,0
29.54,99.95,80.22,13.65,6.27,793.1,0
91.33,34.91,45.5,65.45,7.12,398.86,0
8.87,24.44,22.78,19.84,18.21,54.42,0
40.69,26.74,47.25,27.7,31.66,1845.8,0
94.25,9.33,7.08,52.28,14.8,1121.51,0
95.07,39.4,89.79,74.2,36.51,1300.97,1
41.12,1.74,73.1,72.15,92.22,1563.13,1
66.74,11.44,76.03,86.95,26.16,1260.65,0
45.67,27.17,87.45,55.93,16.84,837.95,0
75.35,15.99,79.16,92.63,66.48,1262.62,1
3.16,73.22,43.19,88.79,49.09,519.98,0
14.42,10.56,11.86,84.91,4.73,1131.48,0
61.42,86.6,37.34,22.95,78.78,427.06,0
23.26,22.11,93.41,53.14,71.53,1836.5,0
66.61,10.86,94.91,73.62,97.73,1028.94,1
35.12,1.01,76.79,97.61,93.83,483.0,1
88.66,71.52,20.44,1.16,58.42,1286.47,0
81.93,25.66,19.44,32.71,68.6,198.83,0
49.28,50.95,87.98,34.24,40.95,879.36,0
77.29,11.16,14.19,28.85,88.85,1734.61,1
27.11,98.53,58.41,81.74,55.28,1540.36,0
49.43,12.54,37.83,4.51,32.56,1412.81,0
19.75,41.19,30.2,35.94,0.95,951.79,0
86.09,85.16,67.74,71.17,58.64,904.82,0
82.31,24.49,95.96,40.67,52.54,42.39,1
90.21,26.7,77.76,14.41,81.19,1208.08,1
87.75,80.85,48.62,61.09,18.7,1162.48,0
95.96,27.33,44.07,52.26,81.54,30.45,1
22.83,0.29,90.77,98.18,1.53,291.35,0
93.18,42.79,57.81,74.85,58.73,44.62,1
57.12,1.25,49.66,98.62,39.69,521.29,1
42.25,90.98,68.28,18.64,33.15,27.63,0
56.04,64.18,23.72,76.16,43.33,846.39,0
34.26,58.3,6.37,55.16,22.36,963.26,0
28.86,20.16,85.51,71.25,18.34,885.42,0
24.13,69.99,60.73,46.76,80.51,414.79,0
8.24,67.73,16.49,21.24,22.78,1056.65,0
49.66,6.05,29.8,4.57,73.7,1631.91,0
88.78,88.08,98.99,83.83,71.14,596.61,1
63.02,57.94,63.44,81.48,3.34,638.9,0
52.1,79.25,63.61,16.25,88.11,1094.8,0
42.86,26.29,7.22,64.52,78.94,482.83,0
46.44,12.2,96.9,73.77,79.61,688.82,1
20.93,70.24,89.28,55.76,80.92,915.83,0
82.29,79.39,54.78,31.72,58.26,784.88,0
19.84,38.6,30.94,88.09,99.34,1640.1,0
71.66,2.37,69.81,64.24,17.92,1701.01,0
76.0,81.83,83.34,72.02,7.23,817.7,0
57.49,20.61,78.61,65.21,70.42,906.62,1
86.29,33.9,97.7,72.13,29.39,1914.65,1
29.11,62.82,63.69,14.51,60.82,1016.11,0
88.16,10.0,32.12,92.26,39.17,1986.2,1
72.94,7.2,49.79,28.58,33.35,1530.35,0
79.87,2.57,81.63,83.66,89.32,543.18,1
66.46,91.66,26.53,89.34,14.2,473.6,0
84.63,31.14,23.14,65.12,18.9,334.95,0
99.31,66.07,72.48,59.83,66.78,1616.17,1
42.02,98.92,44.44,10.9,78.26,627.59,0
81.39,66.95,81.66,43.62,83.22,1358.07,1
74.46,52.51,14.37,61.16,23.11,1089.47,0
45.29,52.09,33.57,8.19,88.21,1655.47,0
92.69,37.69,26.81,11.15,60.96,1506.62,0
39.44,59.98,69.79,99.35,82.32,146.22,0
56.55,95.88,75.93,33.22,6.85,690.09,0
10.59,78.8,45.6,34.97,35.69,1049.8,0
22.58,42.42,47.8,25.15,52.49,1611.21,0
84.07,33.24,13.2,64.6,57.7,1433.77,1
39.66,88.35,70.18,47.31,9.91,1107.82,0
39.41,13.58,99.23,79.04,53.87,1620.58,1
24.6,84.96,77.79,51.25,66.55,881.16,0
49.16,25.51,22.31,1.54,36.16,130.21,0
80.58,71.56,62.31,48.27,50.07,1743.66,0
89.52,80.62,29.5,5.52,29.26,1062.65,0
7.01,47.7,3.02,82.68,87.05,1620.64,0
57.48,19.23,17.98,11.37,59.92,796.32,0
46.73,84.48,10.26,21.7,55.13,1185.33,0
61.43,36.75,19.59,46.0,94.44,675.56,0
44.73,32.07,79.56,19.52,66.49,830.96,0
39.86,51.0,29.28,53.92,27.98,311.85,0
47.19,43.51,75.7,46.07,64.18,1488.38,0
58.2,68.31,94.89,95.25,96.16,574.96,1
50.1,13.72,57.43,8.84,2.36,617.43,0
47.21,43.57,48.54,57.67,62.66,721.29,0
81.78,89.17,75.01,72.04,15.68,875.61,0
74.56,3.61,9.71,12.76,81.65,1160.8,1
34.14,45.73,42.82,63.65,64.07,1371.96,0
80.06,66.05,49.88,86.42,93.7,1357.87,1
85.37,88.77,83.11,78.76,66.96,858.89,1
15.35,59.38,81.42,93.52,1.72,974.14,0
58.27,82.45,84.83,72.06,51.04,297.83,0
28.53,22.27,69.79,39.4,90.37,1052.58,0
73.92,35.28,53.06,92.05,23.23,1756.57,1
23.88,94.21,82.79,22.54,8.29,931.69,0
67.14,88.6,87.33,58.37,71.99,1877.27,0
25.51,55.8,48.05,76.57,50.25,328.45,0
51.11,47.55,98.57,87.23,4.76,1479.08,0
94.86,45.11,87.48,91.65,27.99,1421.82,1
38.13,5.88,51.05,8.5,32.67,1369.43,0
87.57,89.24,6.93,72.61,66.79,1332.46,0
98.69,81.81,22.45,20.41,47.16,64.17,0
87.49,45.63,77.64,77.91,48.72,1489.4,1
16.59,27.94,11.12,70.07,80.66,1009.37,0
81.97,34.29,46.98,18.14,27.84,1057.89,0
3.21,12.32,60.49,83.28,67.26,120.73,0
39.33,72.18,87.83,46.18,36.76,392.99,0
87.07,55.67,84.71,54.39,41.84,1823.79,1
68.88,23.41,76.43,97.14,55.59,644.75,1
53.27,62.3,40.77,65.66,69.56,799.88,0
38.79,97.92,14.22,58.86,94.52,394.62,0
81.23,12.24,66.96,1.68,26.9,1271.74,0
70.96,45.85,18.13,19.92,10.37,1486.59,0
46.84,49.42,56.13,2.66,42.88,1844.1,0
89.25,16.68,98.07,33.33,54.67,1132.89,1
22.99,53.16,55.03,34.45,22.8,565.75,0
17.04,60.6,64.56,53.03,89.05,160.51,0
64.28,15.73,67.76,68.98,79.88,546.9,1
97.2,15.47,83.04,17.93,49.37,1244.36,1
24.73,85.63,43.5,60.17,45.01,1948.73,0
24.97,31.14,49.75,91.7,4.07,176.81,0
13.95,63.03,17.6,18.5,53.69,788.97,0
86.06,62.68,61.47,65.91,59.57,1341.13,0
22.64,83.92,29.58,4.56,89.16,1157.65,0
50.32,73.99,50.76,53.11,50.11,1310.35,0
99.09,84.06,76.66,74.15,15.74,937.15,0
1.21,62.52,1.76,3.4,18.01,548.73,0
55.65,44.95,56.39,33.37,15.99,975.85,0
51.23,39.36,17.34,87.8,93.85,775.44,1
80.74,37.9,27.94,22.55,79.34,1424.41,0
35.53,41.84,3.47,72.29,82.48,359.82,0
41.03,12.93,16.95,61.22,84.04,1002.37,0
16.79,42.4,98.66,16.37,9.56,1918.94,0
74.08,38.94,99.85,74.17,70.22,1072.95,1
78.47,3.46,71.98,53.21,70.43,489.67,1
13.67,27.51,61.19,11.2,22.48,1872.98,0
39.35,75.19,77.7,94.94,49.07,503.43,0
89.29,57.79,89.66,49.2,66.24,1507.34,1
0.27,80.62,51.93,74.51,89.73,236.87,0
29.88,54.27,3.53,21.77,11.04,1707.14,0
55.5,85.41,70.94,13.72,89.22,377.54,0
33.41,79.61,98.46,74.13,92.24,800.48,0
27.2,9.83,25.81,67.38,92.36,1931.93,0
46.0,97.7,46.35,27.41,0.48,1167.2,0
18.15,1.47,36.13,74.63,22.1,542.71,0
52.96,59.68,39.05,50.5,69.12,21.24,0
70.67,79.25,72.14,34.86,32.17,33.44,0
57.53,33.19,37.84,78.69,6.11,563.68,0
9.31,59.86,94.11,61.68,76.29,1063.17,0
84.44,36.21,78.97,50.73,2.86,980.08,0
17.5,6.06,2.76,77.31,44.6,1845.33,0
76.48,0.85,81.85,54.48,94.76,1532.91,1
36.06,9.49,77.29,93.85,44.02,1850.98,1
78.28,9.84,51.65,81.81,91.19,1033.32,1
20.63,61.09,49.68,35.82,40.9,904.4,0
18.67,52.59,83.55,46.49,34.67,1140.85,0
49.7,45.55,42.48,95.73,10.74,756.85,0
3.29,69.19,15.95,89.52,35.81,437.41,0
22.53,1.68,31.29,19.12,33.7,1676.59,0
72.4,27.1,26.52,27.43,84.66,1367.45,1
83.74,77.74,68.11,36.44,91.99,664.8,1
8.08,91.0,17.89,87.98,2.19,903.64,0
88.21,43.83,64.48,92.74,9.83,466.39,0
79.75,8.15,46.6,80.23,64.32,1134.42,1
86.97,79.87,83.97,27.57,48.47,729.55,0
69.84,88.52,48.5,88.71,29.69,1753.64,0
67.42,41.37,92.98,3.29,25.99,1066.16,0
52.51,24.34,90.05,42.28,22.47,835.23,0
65.28,4.4,18.53,37.76,52.55,1504.25,0
91.91,59.11,68.62,53.52,1.75,1812.1,0
10.05,90.99,21.46,56.06,73.89,1638.49,0
31.58,67.79,82.33,22.54,30.04,999.94,0
7.25,31.72,63.57,20.46,42.68,725.76,0
94.48,64.29,29.41,80.36,52.71,1331.02,1
44.53,83.21,24.91,7.62,21.14,1637.4,0
67.53,47.58,42.96,49.33,88.37,1957.71,1
84.11,81.97,80.07,19.16,68.21,925.36,0
99.1,39.19,79.62,31.96,87.03,1343.12,1
16.18,34.85,3.34,27.73,47.55,600.34,0
79.95,58.3,30.23,70.85,43.25,193.18,0
88.74,46.47,42.29,45.6,23.71,521.05,0
4.89,97.71,58.56,29.94,54.48,48.69,0
75.41,51.64,14.95,83.14,59.32,1028.67,0
35.47,38.52,33.53,8.58,41.99,758.85,0
64.86,39.49,88.56,76.64,14.54,1362.98,0
51.4,54.79,47.65,24.83,27.31,1238.32,0
25.97,35.49,74.41,91.8,1.43,352.38,0
13.52,72.29,48.48,0.56,31.91,1354.17,0
11.69,38.07,46.5,55.67,58.08,391.05,0
10.33,38.41,62.19,62.23,95.57,31.79,0
63.78,61.7,25.94,57.73,17.79,1940.98,0
35.14,6.08,24.98,81.5,5.55,73.43,0
21.66,65.54,98.94,11.22,29.63,696.66,0
69.19,50.5,86.9,41.56,15.68,1282.27,0
68.68,45.3,73.78,86.37,69.55,753.34,1
53.92,71.93,13.71,88.87,0.57,774.79,0
93.5,75.83,3.02,49.83,98.09,1451.0,1
38.54,84.63,17.54,55.8,85.57,1212.26,0
83.59,37.48,93.77,76.39,49.07,1046.39,1
7.51,32.7,81.63,77.96,92.09,1774.91,0
73.98,71.43,52.31,88.81,62.81,234.07,0
98.84,58.18,96.88,84.39,99.38,950.14,1
84.66,63.18,14.66,41.44,27.83,493.35,0
57.97,55.55,55.92,64.98,99.69,92.88,1
62.68,77.27,18.32,48.32,18.02,1958.49,0
35.33,19.0,30.64,11.8,35.34,1473.37,0
67.95,55.57,94.01,82.17,93.53,448.05,1
77.04,15.81,86.83,60.18,37.05,816.82,1
99.82,40.73,10.18,5.8,20.98,467.53,0
49.25,66.4,24.95,67.69,5.95,1376.01,0
6.13,49.31,59.45,28.31,14.9,713.89,0
59.59,37.96,6.14,6.93,35.52,1841.33,0
11.9,88.5,55.01,60.66,42.12,430.96,0
24.48,77.28,58.45,73.22,54.25,712.66,0
32.88,52.63,29.1,51.73,81.36,1864.99,0
73.1,95.01,29.31,0.56,1.34,1771.67,0
18.38,42.44,22.91,57.69,84.11,600.48,0
16.58,78.81,93.57,0.66,57.72,976.48,0
4.5,16.79,38.89,92.64,75.65,1769.74,0
87.32,28.58,58.53,26.73,75.7,1347.86,1
69.35,33.81,30.16,87.1,90.32,1281.81,1
3.99,10.58,70.27,1.21,9.34,1327.91,0
2.83,50.18,10.14,9.72,57.15,1843.54,0
55.87,19.23,7.16,45.14,90.9,1044.0,0
28.25,63.42,74.43,75.86,71.92,379.92,0
59.67,19.01,72.67,94.26,9.66,955.99,0
43.46,12.35,26.5,52.11,61.4,1463.2,0
92.33,96.91,35.5,35.55,79.99,994.43,0
28.78,65.82,95.73,4.46,27.49,640.26,0
67.91,93.65,10.43,58.37,63.25,1339.33,0
5.41,48.99,18.31,38.0,84.04,911.45,0
95.59,3.34,43.0,90.91,52.39,1926.38,1
98.08,57.44,28.21,48.01,19.42,717.24,0
73.91,55.83,64.9,76.54,54.97,1440.62,1
46.52,1.5,69.06,84.82,58.8,1119.04,1
22.0,86.12,52.64,9.83,40.29,173.58,0
81.25,62.0,61.12,44.08,67.96,950.12,0
73.64,74.47,43.34,89.37,43.33,77.74,0
22.2,49.39,76.04,42.45,87.74,1583.87,0
45.12,61.84,4.21,56.52,79.16,1474.37,0
46.28,25.75,31.29,87.31,80.48,120.01,0
82.64,97.38,68.44,23.26,52.61,1009.4,0
68.38,40.07,32.96,89.46,19.63,1923.85,0
64.32,16.23,7.85,39.7,72.44,583.58,0
64.98,5.59,34.5,59.3,6.89,1810.52,0
27.05,63.62,71.15,32.8,51.76,319.16,0
37.17,98.34,12.2,52.71,5.3,33.07,0
4.57,89.58,72.46,4.93,52.84,1070.43,0
78.69,70.21,77.55,6.53,68.59,493.7,0
43.3,99.06,63.53,41.47,41.92,1760.86,0
43.82,72.28,24.42,33.5,41.69,1354.37,0
24.54,33.93,80.53,61.58,12.28,1380.04,0
20.94,60.12,21.44,3.79,30.18,1353.1,0
58.78,7.98,90.58,16.77,44.43,1364.34,0
23.26,22.17,70.66,20.96,86.36,1499.29,0
6.42,41.75,5.47,44.05,89.8,1346.38,0
76.75,20.18,79.93,24.68,95.36,1671.87,1
37.65,95.35,50.64,13.77,10.03,1125.08,0
38.02,99.56,45.26,59.76,29.62,714.36,0
43.13,37.09,42.05,74.39,46.29,944.36,0
81.5,70.92,60.66,68.53,64.17,891.67,0
32.08,40.78,72.46,27.62,70.28,678.36,0
75.8,13.95,89.6,85.44,78.6,842.63,1
93.95,33.69,27.29,61.18,49.59,782.27,0
66.09,23.34,63.08,61.47,55.66,240.06,0
43.17,32.81,68.63,21.28,96.06,1664.49,0
74.78,21.5,67.48,24.22,24.0,1517.8,0
45.79,11.23,49.3,47.48,80.38,688.33,0
41.44,21.74,39.1,23.78,71.18,1891.36,0
52.53,90.58,76.24,68.81,14.01,1899.74,0
31.77,8.52,30.0,30.86,92.65,1716.31,0
10.43,32.48,20.81,15.19,85.54,78.16,0
41.49,52.84,54.58,15.16,77.95,755.01,0
12.39,35.45,26.76,12.72,12.68,925.53,0
41.04,51.76,3.32,43.98,13.97,1443.06,0
55.69,4.34,5.16,0.3,68.32,1276.93,0
93.07,64.86,69.5,54.24,10.73,1363.19,0
3.62,56.35,97.31,29.83,11.33,1539.08,0
62.15,68.1,45.47,55.25,40.03,1897.9,0
45.77,56.73,14.71,93.54,0.54,1111.99,0
2.03,43.79,81.81,86.9,72.15,1810.0,0
24.95,35.01,26.14,57.64,54.02,1633.34,0
11.85,22.64,99.56,41.81,7.82,689.09,0
21.68,50.01,56.33,69.84,54.36,1631.07,0
27.46,2.61,23.26,92.31,5.41,252.34,0
40.13,32.82,49.6,48.95,7.07,334.34,0
52.9,67.79,33.54,9.93,48.55,1984.91,0
0.1,10.87,77.95,76.61,49.98,868.8,0
16.19,6.29,10.58,1.05,33.9,932.02,0
9.36,65.22,85.7,76.46,62.18,1903.04,0
54.97,39.78,76.73,8.49,38.74,736.44,0
32.91,80.18,86.14,10.66,58.7,489.19,0
54.84,93.73,89.5,78.17,34.98,174.09,0
22.18,95.7,22.98,68.95,71.5,1054.79,0
2.42,42.56,52.1,56.19,57.93,415.38,0
94.14,26.43,84.99,82.06,16.0,148.32,1
10.83,60.86,37.74,85.14,68.63,1629.88,0
12.69,62.82,6.04,45.75,78.39,670.62,0
14.65,62.23,29.16,99.63,6.59,1167.19,0
98.13,32.18,24.19,35.76,61.0,227.2,1
61.77,6.38,87.01,17.15,79.04,1021.05,1
61.03,21.0,46.38,84.6,11.47,1271.04,0
98.67,15.44,68.35,41.56,90.17,910.73,1
8.84,12.39,96.21,87.45,41.48,688.21,0
97.45,92.63,29.92,6.12,73.78,635.69,0
20.4,1.38,76.12,11.11,89.9,236.58,0
62.31,60.19,2.28,4.03,98.96,249.07,0
42.01,94.75,10.41,60.2,58.39,1001.48,0
38.4,36.01,16.19,83.19,70.43,294.88,0
93.12,52.71,31.24,40.27,25.17,462.43,0
14.92,69.58,40.3,9.07,29.0,346.34,0
99.71,31.72,47.7,37.35,85.08,1608.92,1
37.91,47.77,24.53,34.8,39.82,910.44,0
64.88,81.71,6.62,64.35,82.24,1114.13,0
96.79,74.54,67.75,65.22,5.06,1174.26,0
5.76,80.84,2.37,10.3,21.83,804.84,0
92.29,98.73,80.95,42.02,17.01,610.89,0
56.78,37.03,92.92,64.25,52.71,777.24,0
70.44,74.71,71.04,25.89,8.05,1078.95,0
14.92,60.28,59.6,40.71,34.39,729.98,0
53.34,66.66,65.7,61.37,98.62,290.5,0
67.35,73.99,65.22,40.29,79.42,1829.1,0
45.62,74.97,93.17,3.09,76.06,1470.16,0
15.5,88.57,96.43,22.26,13.51,151.21,0
24.41,34.93,42.67,77.61,36.46,1813.29,0
85.44,65.35,61.71,24.85,68.06,357.52,0
3.45,28.03,80.28,81.77,2.16,213.51,0
70.89,59.46,0.1,46.69,43.4,362.97,0
99.94,75.12,52.7,47.29,92.86,1867.41,1
0.75,79.1,65.29,77.05,8.23,458.16,0
16.1,42.01,71.72,38.33,90.63,1578.24,0
67.41,50.87,36.88,23.85,19.45,1293.22,0
6.0,33.38,29.56,10.5,18.91,1046.08,0
58.98,16.9,18.21,67.19,19.54,743.88,0
68.4,26.05,55.78,46.99,93.13,204.01,1
58.81,91.21,91.93,80.94,60.37,1427.1,0
36.52,30.9,89.6,45.77,75.08,801.67,0
69.73,97.48,36.0,41.48,36.64,1079.27,0
59.43,24.15,25.79,29.89,87.33,122.49,0
20.76,72.31,78.88,19.94,58.19,1556.36,0
56.31,57.39,72.5,83.04,59.98,1390.7,0
88.19,69.69,50.53,9.52,75.23,1068.01,0
66.68,64.4,38.9,90.21,77.36,1002.69,0
47.18,70.67,12.38,2.69,68.19,687.32,0
32.16,90.55,78.51,52.23,11.89,697.96,0
8.59,56.35,61.75,5.83,86.67,155.56,0
24.46,6.78,37.69,77.96,26.09,1379.69,0
1.12,27.08,91.88,21.15,99.62,109.05,0
98.66,70.82,65.97,56.59,38.55,22.81,0
22.25,49.41,92.92,91.64,12.0,81.34,0
81.49,54.86,47.44,64.93,31.61,422.83,0
16.86,59.66,45.46,17.83,57.35,1148.99,0
28.36,38.26,93.72,79.67,39.14,1368.7,0
41.83,77.39,95.98,44.15,82.87,853.06,0
32.44,72.35,96.08,1.32,68.22,829.1,0
79.84,71.43,81.89,48.68,21.35,1162.04,0
95.77,71.53,46.24,81.25,53.89,1201.72,1
87.53,89.04,21.03,43.0,78.75,1693.1,0
15.36,59.54,38.34,75.84,89.12,1641.79,0
77.67,96.71,93.83,70.55,39.49,1650.58,0
14.79,11.92,36.36,45.69,92.45,1691.46,0
91.34,63.2,75.67,32.33,3.6,1762.06,0
51.79,71.69,92.3,72.65,67.67,1119.53,0
33.64,47.72,97.04,36.89,78.2,1198.43,0
15.7,28.82,94.77,17.01,42.51,1459.91,0
1.18,55.0,55.51,32.09,1.1,414.03,0
24.79,36.47,49.19,87.68,68.7,733.71,0
91.4,90.91,98.76,28.34,34.26,1827.05,0
79.73,35.68,21.82,23.5,15.18,1055.07,0
96.98,17.57,18.75,13.34,15.71,122.54,0
10.08,57.64,96.32,5.52,76.92,823.01,0
59.22,39.6,68.92,97.67,18.74,338.36,0
25.72,9.59,53.63,53.68,48.41,725.45,0
54.29,56.48,13.2,72.96,97.04,1099.05,0
32.05,53.78,51.32,77.3,75.88,1020.17,0
28.35,17.32,94.42,35.23,54.72,991.13,0
57.38,59.76,60.29,79.89,52.83,56.31,0
18.33,56.74,40.46,96.15,16.73,901.31,0
46.91,77.36,55.11,74.18,44.64,77.35,0
65.08,36.16,88.61,71.17,14.49,821.62,0
12.82,24.88,91.28,43.22,8.36,1301.06,0
93.06,95.12,40.01,84.13,10.91,269.29,0
50.57,56.12,60.81,8.88,60.66,1835.21,0
81.95,2.71,27.92,74.97,19.36,1268.41,1
65.39,82.07,45.11,36.2,14.93,450.85,0
71.0,19.68,21.99,56.6,86.71,800.29,1
71.61,78.6,53.15,89.3,12.2,211.88,0
87.51,70.52,57.82,60.5,70.56,63.69,1
61.36,96.88,33.78,2.56,41.7,1833.41,0
27.82,96.56,27.21,72.26,57.91,1356.86,0
9.95,27.44,15.1,92.9,2.34,1563.7,0
60.63,76.64,13.95,64.2,0.0,1251.9,0
6.64,31.69,71.15,86.14,81.72,1815.4,0
24.13,62.92,22.16,82.53,47.54,1793.92,0
6.07,59.77,11.8,86.13,7.13,135.15,0
54.89,5.45,99.89,34.41,34.35,395.15,0
16.03,0.52,25.99,47.42,50.64,803.66,0
61.04,5.78,89.6,84.8,13.55,695.36,0
79.09,12.79,60.92,91.04,54.63,1060.63,1
82.19,25.77,71.51,14.68,52.88,547.73,1
30.95,90.7,56.09,18.15,60.28,1598.97,0
54.9,51.86,18.08,34.68,81.03,34.84,0
56.3,79.69,84.71,77.03,41.28,1587.2,0
47.29,83.83,82.8,87.5,88.86,798.87,0
65.51,73.49,34.97,58.02,47.47,30.17,0
21.01,39.14,76.39,11.33,45.71,1697.19,0
97.92,86.39,54.3,30.37,65.57,904.57,0
9.81,74.2,90.9,85.7,61.75,1454.96,0
82.92,74.32,80.28,34.76,1.14,1759.33,0
59.41,90.16,4.1,10.28,98.24,87.94,0
24.49,59.87,87.93,30.21,94.27,539.08,0
74.57,52.86,96.86,80.67,28.13,255.41,0
8.45,89.02,74.22,49.35,55.86,214.06,0
77.44,45.45,11.99,17.16,77.05,1892.37,0
59.0,81.16,80.74,31.26,92.05,1615.03,1
11.08,5.38,64.75,95.36,58.59,742.16,0
7.95,0.13,33.88,43.2,1.89,1380.84,0
75.08,52.83,88.4,44.16,68.07,1840.5,1
29.29,7.36,56.56,15.31,9.31,457.21,0
88.93,97.65,85.29,30.46,67.12,48.02,0
76.21,0.55,67.01,81.47,58.74,1651.73,1
69.82,71.81,28.85,78.62,64.07,1450.94,0
27.86,24.34,97.5,43.55,18.93,337.31,0
70.89,96.76,57.1,89.37,49.36,989.5,0
94.81,38.15,51.68,38.03,61.8,337.66,0
9.16,2.73,40.35,86.43,30.03,1213.18,0
32.62,2.69,13.63,3.16,18.16,1302.19,0
23.47,55.34,68.62,34.72,22.27,567.83,0
39.33,98.67,43.08,85.51,85.8,1566.06,0
74.23,97.98,93.46,90.13,46.45,957.72,0
47.42,33.73,96.51,75.64,66.11,1418.59,1
57.07,48.27,76.76,66.99,51.49,1286.83,0
31.42,10.05,24.25,81.55,83.41,912.5,0
14.13,52.22,71.6,70.76,50.85,599.58,0
26.69,59.97,2.04,25.42,9.33,424.52,0
85.97,25.11,82.64,46.62,19.8,1496.97,0
60.24,61.21,49.36,66.07,1.33,1291.05,0
37.8,89.97,93.67,58.78,83.15,576.27,0
78.99,0.1,37.78,88.51,66.33,1934.86,1
6.45,22.89,26.32,47.38,75.92,1624.47,0
25.39,20.99,99.51,17.8,71.5,271.07,0
23.01,12.39,53.07,21.46,82.45,341.88,0
98.54,16.61,86.32,84.61,98.7,1097.21,1
70.61,62.59,91.11,0.87,65.35,222.71,0
61.78,10.27,51.85,86.91,25.23,1929.39,0
0.5,73.85,45.57,5.56,10.14,1283.29,0
18.43,88.7,55.29,39.17,58.97,151.02,0
63.55,92.66,84.77,80.02,77.08,898.1,0
37.97,66.02,96.47,40.76,56.16,459.5,0
92.43,19.74,32.83,82.23,30.36,991.09,1
76.47,8.53,73.86,10.03,71.97,509.11,0
44.74,23.2,28.54,51.15,44.8,1666.96,0
74.95,96.2,61.1,58.25,28.66,1447.78,0
97.54,96.23,80.48,89.09,84.11,1815.02,1
46.1,38.19,88.65,9.36,57.65,411.96,0
64.25,32.58,44.87,33.86,28.34,783.08,0
91.87,51.0,36.98,65.93,32.86,1614.82,0
24.87,29.17,25.35,97.99,57.17,760.22,0
88.66,97.97,13.34,84.83,42.29,770.59,0
9.75,22.12,36.49,84.65,16.05,1972.36,0
64.84,36.91,87.2,51.72,61.05,1546.31,0
78.28,42.94,41.88,56.43,68.91,1724.42,0
61.46,12.51,31.73,85.86,0.01,825.81,0
49.55,38.28,73.91,86.96,53.69,1180.12,0
61.73,85.67,21.56,80.23,57.72,912.1,0
15.17,14.04,25.63,81.86,33.21,911.58,0
21.56,58.4,93.59,87.96,33.87,272.84,0
26.99,40.66,8.16,11.38,31.77,1687.42,0
59.78,17.05,41.46,29.26,44.53,793.27,0
44.19,1.23,57.68,97.61,81.19,1172.01,1
24.45,27.33,23.03,54.48,46.9,1717.0,0
88.28,6.18,28.1,17.65,99.36,1551.48,1
37.39,37.68,22.18,50.31,37.62,412.51,0
44.6,81.02,34.52,64.58,69.93,1244.65,0
40.97,71.97,89.85,82.82,54.9,1001.55,0
18.19,94.74,43.16,81.22,76.23,535.1,0
73.16,42.7,41.78,4.92,88.84,100.9,0
44.85,70.78,38.66,45.35,51.17,1266.99,0
1.63,66.53,96.41,2.06,49.45,1564.11,0
96.4,21.7,11.73,88.82,94.27,1884.6,1
81.58,30.36,87.19,17.39,93.37,722.87,1
72.36,52.98,32.72,62.49,99.7,810.45,1
86.91,79.67,95.65,57.06,15.65,342.75,0
90.68,46.18,31.52,62.55,0.36,1969.54,0
33.75,22.77,8.29,56.34,43.73,1702.18,0
61.1,99.35,52.0,71.56,73.33,1916.06,0
60.88,11.56,22.79,62.61,7.29,1000.79,0
26.73,95.59,75.3,9.03,37.36,435.37,0
22.2,80.9,65.73,36.68,58.15,1154.91,0
11.39,83.89,68.65,54.66,21.25,756.74,0
65.93,79.49,19.35,32.52,73.11,708.77,0
78.09,20.82,70.86,76.03,22.95,183.08,0
76.1,63.26,31.13,31.79,84.07,164.84,0
31.63,75.67,99.87,82.87,34.83,770.02,0
20.53,74.57,73.18,14.67,59.86,1853.87,0
45.36,27.16,59.04,76.94,54.42,1451.59,1
54.68,18.11,86.71,18.35,29.64,1525.91,0
91.91,32.81,58.93,52.8,43.91,483.9,1
87.48,47.98,55.27,32.05,84.6,1474.37,1
91.61,57.38,23.73,63.73,54.83,824.51,0
85.03,83.7,67.81,21.27,5.56,137.59,0
96.46,76.9,37.46,79.54,71.3,801.73,0
46.55,67.62,4.31,57.36,18.25,279.88,0
4.75,26.35,81.61,95.73,48.61,1710.32,0
8.36,47.89,5.19,71.18,46.85,1683.78,0
39.03,33.54,67.23,60.74,48.65,589.19,0
25.77,23.49,15.67,82.92,3.1,1231.61,0
16.99,1.02,43.26,21.97,27.24,740.24,0
95.32,33.95,85.91,63.27,5.07,325.37,0
19.54,25.61,9.44,39.04,41.5,1305.83,0
95.94,57.19,66.72,74.38,62.13,1525.01,1
76.08,6.23,61.26,2.45,65.41,1553.95,1
64.09,27.05,86.75,42.77,6.45,315.46,0
67.6,4.48,17.27,65.17,11.89,1034.91,0
33.15,64.14,79.98,46.06,66.15,67.32,0
64.64,56.82,45.01,23.8,53.12,198.54,0
18.67,33.75,42.86,46.43,83.34,180.48,0
93.77,14.73,36.18,84.97,20.51,133.24,0
30.18,95.79,38.56,20.68,12.03,680.86,0
25.52,58.44,52.0,36.72,36.2,728.21,0
71.12,67.91,10.68,99.03,63.71,1401.78,0
65.64,53.13,42.51,91.28,48.6,673.16,0
45.13,80.65,65.2,3.4,9.86,297.98,0
63.24,89.64,49.82,53.03,7.13,1894.81,0
15.95,38.27,16.58,6.54,67.77,1753.44,0
67.33,69.0,36.31,92.39,29.7,265.97,0
27.06,22.99,44.3,44.15,66.95,738.3,0
27.28,65.19,66.89,41.84,29.49,352.81,0
16.22,39.92,90.08,27.29,31.48,1919.04,0
33.24,0.68,55.04,56.88,20.98,724.84,0
33.13,95.55,67.64,14.5,98.37,214.27,0
45.42,86.84,7.72,79.9,1.61,1459.15,0
19.04,29.08,95.45,49.12,12.73,1429.2,0
19.3,99.78,31.52,56.65,83.63,497.25,0
54.17,31.71,35.43,84.08,13.82,656.49,0
12.89,45.88,22.28,18.51,28.07,841.74,0
68.89,85.13,8.47,17.52,26.28,550.05,0
94.39,30.46,79.0,42.08,69.7,592.0,1
42.68,45.05,24.05,78.61,41.12,1607.15,0
90.11,66.56,28.27,5.85,84.06,1508.66,0
9.83,13.05,18.18,79.52,74.74,1391.41,0
4.3,42.24,97.49,50.08,53.11,1379.81,0
72.14,30.94,78.1,56.18,24.91,1053.33,0
76.1,67.68,92.99,56.44,79.24,714.82,1
84.31,13.6,86.17,5.62,86.6,1446.68,1
5.68,23.27,90.63,24.98,83.63,250.41,0
77.69,71.14,47.9,75.53,5.17,299.32,0
37.65,15.62,17.05,41.23,69.8,270.01,0
30.33,42.2,32.69,56.05,70.39,1470.78,0
17.3,71.29,29.25,94.49,94.31,1191.25,0
99.6,76.55,71.71,4.63,26.35,911.32,0
6.37,9.49,2.57,44.97,78.63,962.94,0
82.7,85.2,14.2,36.13,68.91,1658.57,0
63.95,72.4,68.29,10.64,87.87,260.93,0
73.51,33.93,12.34,95.08,69.33,778.82,0
71.17,76.38,4.83,96.15,85.25,1525.13,0
85.84,72.83,10.92,31.15,35.96,1322.52,0
18.38,60.09,69.07,94.67,15.76,881.59,0
0.08,55.85,13.93,3.52,36.34,464.2,0
59.85,73.47,14.63,98.09,81.51,1893.95,0
35.39,99.93,23.03,83.59,13.16,827.68,0
12.38,57.86,75.09,21.43,63.79,1758.11,0
18.61,80.87,20.04,59.95,98.76,1560.1,0
33.17,74.43,3.54,79.83,89.5,1725.83,0
7.02,85.58,90.59,31.93,67.12,53.51,0
5.69,95.45,87.63,35.38,79.26,965.24,0
91.6,19.31,18.48,62.9,11.65,533.68,0
31.21,16.55,26.53,14.71,49.88,562.56,0
98.22,58.64,18.86,11.82,53.19,554.28,0
96.44,44.93,71.95,24.98,78.27,790.84,1
14.26,57.07,25.0,74.13,28.26,833.2,0
71.49,79.8,93.14,36.66,10.65,1275.4,0
60.08,93.17,82.76,50.74,69.81,614.72,0
69.06,41.74,58.84,19.55,49.26,560.1,0
9.62,71.79,0.89,19.41,84.23,734.0,0
18.86,19.68,88.37,65.05,48.15,1379.3,0
7.66,53.46,72.78,10.84,84.63,20.34,0
60.41,2.18,78.79,66.78,50.78,1498.92,1
98.66,50.38,7.18,40.07,78.27,691.16,1
67.2,54.53,70.86,67.13,72.07,1160.95,0
71.08,73.54,80.46,38.17,26.61,1527.81,0
98.46,64.95,95.66,84.61,30.94,1031.45,0
67.8,35.84,58.05,5.56,89.92,1301.36,0
4.02,0.57,50.8,89.33,23.1,1841.48,0
86.7,11.55,42.54,26.87,69.75,79.14,1
36.47,97.31,70.13,4.25,14.51,712.07,0
0.44,92.23,92.08,56.24,75.52,1855.17,0
50.72,32.51,59.98,22.44,22.33,1678.11,0
93.7,25.89,22.73,45.92,59.41,1241.32,0
25.73,43.64,1.76,80.23,56.42,474.02,0
49.15,68.99,61.91,79.15,20.35,674.46,0
17.38,35.68,86.46,60.04,49.14,1718.75,0
5.77,6.73,6.6,97.79,87.92,1402.58,0
8.05,40.28,39.76,46.38,68.05,585.59,0
72.7,26.06,94.0,3.94,99.27,281.85,1
86.41,32.49,50.17,81.94,78.46,1565.93,1
14.33,16.3,22.07,22.13,64.35,1160.92,0
28.83,65.88,35.37,17.62,56.32,1927.61,0
19.5,52.66,40.81,7.0,93.74,824.85,0
2.69,27.09,11.73,32.79,52.7,711.07,0
55.34,55.39,66.08,32.62,40.27,595.7,0
69.99,49.27,59.22,30.28,83.45,974.12,0
64.79,79.6,64.77,59.32,94.02,659.0,0
38.81,95.6,61.08,75.15,47.89,164.92,0
55.5,13.07,1.67,93.78,13.72,638.02,0
9.41,88.39,17.45,9.41,60.84,453.39,0
15.43,70.48,16.56,15.04,74.09,1634.46,0
93.18,69.26,9.8,58.98,37.36,486.47,0
76.15,37.43,73.55,9.81,74.79,928.57,1
92.27,34.39,12.01,37.08,53.11,1352.02,0
91.67,0.56,66.82,62.46,30.14,315.47,1
64.94,98.22,17.84,78.05,62.95,1071.94,0
92.82,60.65,11.83,21.76,38.89,1697.43,0
41.67,40.23,16.25,66.8,78.68,1176.48,0
0.36,54.38,50.84,64.59,0.31,975.13,0
6.26,4.05,64.55,85.96,81.82,1680.98,0
10.95,17.37,81.19,31.37,30.66,1895.56,0
9.54,62.34,12.86,75.01,95.96,1645.55,0
35.17,51.43,61.62,75.2,75.92,828.65,0
70.13,78.71,77.38,23.92,24.1,1231.15,0
79.06,65.87,31.24,62.12,97.88,1062.75,1
59.02,60.14,7.97,67.52,49.96,620.55,0
14.64,81.53,15.59,27.44,52.29,881.93,0
74.79,6.83,9.16,45.18,90.95,1661.95,1
35.48,69.09,88.72,43.58,91.84,614.95,0
1.3,71.56,37.67,77.35,69.69,1781.32,0
28.06,27.52,52.33,0.07,97.84,1983.03,0
33.06,19.56,76.87,50.1,32.89,627.4,0
27.42,21.39,37.15,18.43,23.23,263.02,0
81.19,19.81,64.91,64.68,2.93,1915.21,0
75.99,52.38,7.67,68.04,34.63,358.71,0
69.56,13.56,48.09,50.11,60.26,1547.5,1
13.9,65.93,9.65,54.2,30.54,97.44,0
80.78,10.51,24.83,31.51,57.96,486.42,0
67.72,2.69,29.33,31.33,4.84,535.11,0
19.48,31.93,71.76,74.51,35.41,608.53,0
64.81,19.19,67.41,13.17,74.8,1840.22,0
48.35,98.87,74.71,77.15,10.43,367.11,0
43.94,30.3,6.18,65.5,71.48,363.81,0
11.21,22.21,99.39,88.45,76.33,1389.52,1
51.83,19.68,5.44,26.01,56.88,1905.59,0
9.99,37.39,82.57,50.62,88.61,790.78,0
16.43,60.58,74.03,3.9,95.46,1550.79,0
13.25,78.19,59.18,91.25,3.47,81.45,0
95.41,36.46,43.89,67.54,67.91,1651.65,1
28.49,62.6,75.71,62.29,23.72,1452.33,0
35.52,48.21,73.99,73.27,40.82,1795.3,0
32.21,84.65,13.72,28.43,62.32,1282.16,0
89.83,56.9,79.26,60.39,71.23,1883.85,1
56.3,28.99,7.86,80.09,84.02,791.92,0
91.92,70.36,50.05,9.03,70.54,1470.41,0
29.99,82.01,64.51,95.88,77.74,1456.62,0
11.48,46.54,82.17,89.19,59.91,551.84,0
55.62,98.72,46.31,96.3,11.71,1842.75,0
34.55,87.91,23.69,80.83,2.14,1562.77,0
80.19,19.7,49.07,29.43,52.98,1735.38,1
87.94,78.68,25.02,58.16,71.55,737.93,0
47.26,60.1,52.87,12.02,10.89,1685.68,0
97.14,53.48,46.25,75.42,42.93,643.65,0
55.3,51.39,78.05,15.36,25.62,1929.51,0
27.09,85.34,24.01,86.68,56.71,67.42,0
48.9,61.09,20.0,24.06,39.05,1245.99,0
3.73,53.77,47.42,16.04,20.15,242.23,0
80.4,4.89,5.05,7.09,0.44,1443.09,0
10.14,44.83,22.93,71.14,32.15,740.1,0
30.87,90.8,35.37,18.62,51.62,1743.87,0
56.53,71.17,48.76,19.77,92.92,1747.95,0
4.3,5.1,26.94,16.97,22.75,748.82,0
7.93,88.4,56.06,30.58,51.23,1623.76,0
69.61,82.67,87.84,94.12,56.65,1368.65,0
7.18,54.67,54.37,48.66,64.92,864.6,0
47.71,2.24,28.68,26.09,32.86,699.61,0
33.87,56.24,6.2,17.04,9.95,436.4,0
22.81,5.46,13.67,1.89,92.14,145.15,0
18.88,32.04,56.12,36.5,95.28,1044.37,0
76.34,62.89,68.37,11.01,43.82,1089.28,0
95.15,91.29,4.97,2.7,58.06,899.16,0
14.02,35.78,18.55,10.3,2.9,1902.18,0
95.97,86.0,31.91,31.85,4.72,47.11,0
59.48,91.84,31.98,75.09,7.67,1703.6,0
64.17,2.1,95.84,6.7,73.87,1605.63,1
70.99,23.94,20.38,67.87,22.72,1522.33,0
70.41,70.99,6.25,62.05,18.44,1059.33,0
81.98,75.68,35.3,88.2,0.83,396.9,0
48.35,39.24,13.44,18.4,2.29,1728.5,0
53.34,65.68,12.66,79.43,40.54,1494.3,0
32.38,61.22,40.75,86.49,54.17,1668.99,0
10.53,73.98,30.64,97.65,57.91,486.86,0
66.46,71.87,9.17,80.85,45.79,1117.66,0
3.36,8.59,60.43,12.38,45.96,843.6,0
27.56,15.83,50.17,94.71,75.31,1286.55,1
9.42,13.27,7.71,81.5,28.96,1510.16,0
19.07,93.25,86.27,21.23,23.77,363.96,0
63.87,91.35,28.47,16.52,85.43,364.6,0
62.85,79.74,96.14,93.64,68.93,106.34,0
42.11,11.67,93.15,15.57,47.69,331.23,0
9.02,57.43,43.41,77.71,27.54,495.54,0
43.34,18.72,22.86,40.53,13.66,163.59,0
35.27,36.84,83.49,72.38,3.74,724.27,0
72.05,26.71,36.13,9.19,85.24,1356.83,0
57.9,82.89,16.36,72.51,59.34,1590.28,0
49.16,14.45,55.16,51.19,4.58,704.72,0
48.7,64.62,48.94,90.04,15.86,185.97,0
96.63,98.39,85.0,18.84,27.96,1523.56,0
75.63,68.71,72.93,10.94,26.31,794.54,0
49.7,7.92,87.61,19.62,54.84,517.83,1
47.92,90.78,73.47,7.86,39.94,951.97,0
2.65,64.31,64.22,98.02,88.22,1940.33,0
94.25,45.63,50.02,12.29,71.94,757.83,1
31.92,65.97,98.76,20.09,91.07,1919.72,0
25.59,87.9,95.92,80.97,86.28,521.27,0
99.94,47.71,84.89,24.68,92.14,228.98,1
71.87,53.13,77.53,22.23,98.0,331.21,0
4.74,45.24,57.76,67.23,31.17,1552.09,0
6.19,7.26,25.98,39.88,20.97,1084.47,0
2.55,78.71,87.54,83.55,16.52,1172.21,0
59.96,12.64,1.08,63.83,62.81,1936.06,0
7.16,39.46,22.74,28.82,68.1,1019.58,0
93.34,38.68,40.37,59.79,8.78,251.7,0
93.69,28.0,58.62,86.65,82.11,1442.66,1
54.61,40.25,56.09,36.45,78.31,431.55,0
61.66,61.8,17.58,73.65,62.85,1171.45,0
29.19,31.14,10.48,41.58,43.56,1711.67,0
6.4,17.25,22.23,54.31,15.37,964.62,0
73.75,86.94,34.87,73.37,50.56,642.28,0
10.18,97.08,1.41,6.05,15.92,1159.58,0
8.56,45.86,69.25,45.49,60.5,271.36,0
31.12,32.7,24.77,9.52,31.0,628.98,0
1.25,4.75,35.14,72.5,24.73,1018.2,0
43.4,3.69,33.49,60.78,44.11,523.22,0
70.77,39.29,51.18,32.69,58.07,97.73,0
80.13,93.02,85.98,7.63,36.75,1178.58,0
60.43,73.07,14.94,92.58,96.36,814.47,0
84.69,34.93,34.07,31.5,0.59,793.41,0
40.65,96.8,69.2,27.54,91.29,1993.69,0
84.88,42.88,4.42,10.1,0.07,241.33,0
50.65,27.68,83.0,57.74,21.67,325.27,0
22.3,42.64,96.18,26.57,99.64,1755.0,0
94.41,21.15,60.76,84.29,72.81,277.92,1
27.5,88.56,95.65,68.28,64.45,1836.89,0
2.62,36.12,41.31,0.39,72.61,1350.48,0
24.27,65.8,41.5,56.57,40.83,1065.76,0
36.67,38.9,10.62,23.18,78.42,571.23,0
35.13,90.17,3.54,1.54,15.49,731.76,0
52.47,64.24,24.45,61.94,79.39,1655.39,0
88.31,48.83,47.81,20.49,93.95,133.86,0
29.23,13.21,50.77,89.96,85.77,1541.73,1
52.08,90.19,21.76,57.34,73.97,1659.08,0
34.01,54.68,61.28,20.92,65.14,1417.81,0
82.18,28.51,18.12,97.91,52.11,127.92,1
15.76,87.79,32.62,54.64,39.52,1490.46,0
10.35,5.44,19.57,16.55,86.57,1451.86,0
50.3,31.41,69.67,51.72,64.75,45.93,0
67.19,53.68,51.66,95.93,43.49,1786.72,0
79.55,33.98,73.61,42.42,78.48,281.75,1
58.96,47.67,5.72,42.53,5.41,1922.35,0
77.38,26.43,42.54,46.11,81.31,160.13,1
39.27,13.01,96.7,28.01,81.07,491.34,0
3.29,3.69,5.36,16.18,22.85,1386.68,0
11.61,15.76,41.84,57.89,3.77,291.74,0
3.87,95.29,4.04,89.42,71.37,386.24,0
32.89,57.54,14.67,73.57,19.99,42.12,0
49.55,48.9,46.25,9.62,99.6,1656.43,0
35.63,38.43,15.75,40.08,0.92,94.48,0
56.06,70.84,51.88,0.53,22.98,1272.49,0
48.06,14.13,92.27,30.79,4.21,1172.97,0
67.79,27.61,20.04,66.94,78.27,1032.26,1
66.7,65.59,10.72,29.02,57.87,762.81,0
31.81,47.91,82.53,84.06,84.84,613.13,0
34.62,77.01,46.03,47.74,96.26,1914.76,0
58.51,89.71,88.26,66.92,61.01,1575.01,0
59.64,82.34,30.61,88.39,23.18,1847.01,0
31.47,18.42,62.75,68.28,9.26,1473.12,0
33.03,9.15,92.33,89.73,86.63,1661.44,1
69.4,16.94,17.17,80.81,24.51,1929.07,0
64.74,78.35,80.07,56.71,89.35,918.22,1
13.51,91.38,63.15,29.72,87.83,1815.65,0
44.1,92.54,81.29,29.81,62.78,105.29,0
89.27,29.82,17.07,87.53,60.4,233.59,1
3.63,84.03,43.41,5.39,95.08,990.94,0
85.52,53.62,12.88,94.14,75.6,918.87,1
16.32,82.28,96.01,32.71,68.33,887.66,0
50.72,54.84,6.27,73.89,43.57,1083.64,0
42.43,14.59,6.55,33.0,48.4,1085.98,0
1.01,7.92,89.82,95.33,38.89,1743.72,0
91.54,95.72,30.08,3.65,94.63,704.91,0
45.49,42.58,59.7,35.33,63.81,646.16,0
95.43,35.05,28.75,86.75,78.04,1409.75,1
28.67,35.63,64.88,27.41,3.72,1303.98,0
86.63,37.89,19.25,27.56,85.24,1663.1,1
92.24,94.5,45.89,89.88,41.76,632.37,0
55.68,6.27,53.35,83.06,73.72,32.66,1
20.27,11.91,33.36,10.58,4.0,1889.25,0
68.52,78.97,25.17,58.02,89.39,107.57,0
54.9,54.94,14.02,22.34,65.98,1366.43,0
94.45,12.85,70.61,21.51,45.75,657.23,1
43.93,3.45,16.83,61.54,30.36,858.6,0
26.85,22.42,29.21,12.39,31.1,1679.3,0
13.83,26.08,33.69,46.98,30.34,850.77,0
69.86,1.42,45.44,25.58,13.1,305.86,0
97.41,21.61,70.26,85.39,46.38,1513.78,1
2.83,73.83,42.79,55.45,45.35,60.02,0
74.04,85.54,87.11,21.51,41.19,563.97,0
92.69,89.82,67.98,92.65,70.31,1085.39,0
7.48,38.99,83.85,82.29,41.98,886.77,0
11.02,31.94,71.64,26.53,8.9,1248.05,0
69.2,99.99,14.86,96.11,85.21,775.07,0
64.8,76.93,97.79,26.77,42.51,793.36,0
6.88,53.74,78.66,29.26,65.53,710.34,0
83.44,25.48,57.27,38.6,92.99,1776.8,1
52.34,32.13,16.52,16.48,76.74,54.25,0
90.72,51.54,17.27,68.7,53.88,1880.49,1
87.8,54.21,61.43,55.73,54.5,729.28,0
81.25,1.37,41.62,89.45,84.95,742.47,1
51.59,95.94,67.59,24.09,82.36,1457.27,0
25.17,57.56,37.24,17.02,17.87,788.79,0
50.6,58.92,51.28,35.86,62.65,1240.96,0
10.08,21.15,18.8,14.61,86.57,1809.19,0
65.88,76.5,15.52,94.62,80.33,1695.47,0
13.4,73.73,7.56,71.74,12.47,1040.43,0
51.12,9.52,81.96,79.62,43.57,1438.97,1
5.44,59.5,55.54,74.8,51.82,797.02,0
29.95,65.82,94.71,24.28,25.78,1556.57,0
23.21,83.56,74.95,14.07,67.95,356.96,0
62.0,20.61,76.88,42.94,47.62,110.35,0
78.68,87.76,50.91,82.9,29.75,1090.65,0
5.73,46.15,81.55,33.05,33.69,446.37,0
85.03,9.65,94.21,0.96,85.67,1462.88,1
86.08,10.56,72.17,66.01,86.62,220.62,1
34.23,19.78,10.56,20.01,81.24,36.82,0
65.9,28.28,65.1,54.28,91.39,1357.89,1
40.26,49.64,12.04,1.49,95.23,1011.58,0
15.42,74.88,7.72,50.88,49.18,1904.99,0
52.87,18.67,69.29,39.36,9.67,510.02,0
8.64,99.27,83.48,88.04,80.01,264.05,0
87.85,16.15,15.88,72.18,63.34,65.75,1
92.43,59.94,7.41,3.6,38.05,899.61,0
82.16,92.89,88.65,78.95,97.55,219.62,1
56.25,83.25,13.22,79.12,33.87,1555.77,0
55.76,64.79,3.51,66.34,90.76,162.53,0
98.46,71.55,72.11,92.93,59.26,1843.09,1
24.79,13.42,84.77,80.33,3.66,1090.89,0
7.59,0.97,51.45,21.89,86.03,1398.82,0
56.19,43.41,53.99,38.15,76.22,279.22,0
32.88,8.95,33.69,34.99,64.25,197.22,0
32.23,35.78,23.85,50.49,61.46,720.29,0
0.71,22.37,75.52,95.37,21.88,1050.46,0
59.62,91.63,84.93,61.56,21.45,1159.49,0
26.4,88.01,32.12,31.29,2.92,672.98,0
18.79,81.89,27.38,94.15,15.41,559.87,0
4.04,71.39,26.78,70.03,33.65,1963.19,0
36.44,15.41,5.06,26.61,54.07,559.87,0
87.9,4.84,28.11,90.65,13.08,293.09,0
33.67,65.39,2.57,34.42,55.76,731.73,0
67.91,64.23,78.84,51.62,26.33,621.67,0
75.65,36.94,25.59,47.92,25.4,855.04,0
32.81,47.27,69.02,92.36,94.79,1254.95,1
82.16,48.91,54.32,26.57,99.23,1214.23,1
69.19,23.99,83.75,33.33,81.14,1402.61,1
55.92,31.42,96.04,66.02,5.44,330.24,0
0.1,41.84,36.73,88.66,72.86,110.97,0
3.51,60.32,8.83,11.49,17.84,1585.8,0
99.09,95.58,74.96,20.99,56.92,449.96,0
78.23,53.85,2.13,94.8,89.37,645.02,1
93.76,73.12,22.3,77.73,38.02,922.25,0
90.23,80.7,5.33,34.61,92.88,1438.29,0
2.04,11.35,89.81,35.76,70.84,343.9,0
79.18,65.31,0.53,46.95,30.1,1806.76,0
45.11,48.21,49.27,67.38,9.49,656.62,0
78.96,57.24,42.4,56.1,81.54,1965.67,1
0.67,3.84,65.27,77.61,45.81,585.12,0
28.82,90.62,28.97,5.42,7.27,1456.79,0
75.13,95.28,87.37,81.9,10.31,765.8,0
79.3,0.35,73.43,5.81,96.7,1676.44,1
61.97,21.28,43.23,88.1,24.3,935.57,0
30.13,18.02,35.8,4.33,96.66,1743.65,0
31.04,78.13,81.59,12.78,68.12,1512.8,0
96.68,59.81,75.71,18.02,30.05,1180.34,0
43.92,17.73,39.9,22.31,38.37,514.98,0
44.71,81.4,34.14,40.18,77.7,534.54,0
55.23,35.35,3.89,65.55,43.54,1983.02,0
40.95,46.09,8.17,89.26,7.48,1852.27,0
55.27,38.73,5.39,52.45,22.98,294.07,0
43.23,52.14,2.44,53.25,86.03,424.05,0
82.67,48.01,15.29,31.93,69.62,231.49,0
90.91,27.46,85.71,80.07,50.1,418.65,1
93.21,42.46,79.82,11.05,24.55,594.67,0
56.43,90.83,84.56,30.11,47.46,1678.5,0
44.21,50.29,62.38,9.7,78.88,208.46,0
70.52,91.64,62.41,21.42,8.15,1766.6,0
83.83,55.01,12.39,58.66,99.48,1944.42,1
56.3,76.88,69.9,12.6,85.98,577.85,0
70.0,29.36,28.0,10.06,31.8,923.34,0
74.97,79.04,51.93,82.59,87.06,1068.07,0
67.64,26.43,95.47,11.83,68.17,427.26,1
74.61,1.95,87.06,60.81,66.64,1468.52,1
20.86,16.07,23.32,35.2,13.97,1168.4,0
49.84,2.17,73.67,89.64,90.59,242.11,1
58.83,94.71,10.41,70.76,45.03,1794.04,0
0.25,100.0,2.67,5.94,80.32,618.34,0
85.6,76.22,2.82,89.55,29.95,329.37,0
61.0,10.81,17.02,41.39,30.8,1964.07,0
12.91,89.89,69.49,29.82,96.47,223.76,0
81.64,74.38,36.33,67.28,49.67,138.2,0
71.71,33.22,1.59,71.8,5.99,490.35,0
75.83,50.23,98.8,30.33,83.57,652.14,1
39.2,66.18,53.34,35.17,22.72,878.93,0
85.42,2.41,39.39,15.63,87.88,1376.64,1
41.4,50.15,51.88,59.34,91.64,744.11,0
57.05,73.24,52.0,95.69,7.28,1127.48,0
0.06,18.82,47.02,41.66,58.24,31.51,0
64.49,44.38,61.29,99.62,98.15,782.1,1
71.82,53.25,88.56,17.64,93.09,1891.04,1
56.71,73.56,30.17,79.61,52.52,1554.2,0
49.66,96.45,48.7,92.81,68.05,1486.79,0
80.99,84.83,0.36,68.81,60.43,622.94,0
68.14,62.15,85.98,10.93,20.33,986.59,0
27.81,58.36,30.59,32.65,65.3,1692.16,0
95.91,60.32,27.13,8.57,33.31,1762.71,0
70.73,54.52,99.75,60.17,33.8,1426.88,0
98.79,5.94,58.44,99.81,42.0,923.95,1
97.13,69.83,12.3,37.48,85.22,164.87,0
91.89,71.63,26.55,16.29,23.83,256.32,0
75.54,51.25,35.32,26.86,25.08,20.58,0
60.94,87.04,98.61,57.08,0.73,731.22,0
17.22,67.24,43.06,56.9,15.5,66.3,0
54.34,36.27,23.01,22.98,97.87,881.34,0
76.54,1.97,56.97,75.07,43.39,1203.13,1
52.09,5.92,40.48,8.8,19.52,1199.84,0
86.82,35.18,5.5,62.3,96.57,1119.49,1
10.97,46.21,86.09,42.57,2.71,467.82,0
38.09,16.69,1.57,12.72,48.42,1047.99,0
50.6,18.93,89.85,63.44,80.46,1960.08,1
43.23,23.02,79.19,67.3,77.28,900.34,1
10.86,78.05,7.58,44.0,18.92,1751.49,0
15.35,77.13,72.36,79.8,70.78,775.18,0
83.76,38.29,77.09,50.93,62.23,1253.63,1
48.44,17.24,60.23,28.58,67.53,974.04,0
4.87,11.09,57.77,95.36,26.61,1383.47,0
1.65,8.71,4.97,94.4,81.07,1796.81,0
47.35,39.13,5.95,9.56,55.92,892.98,0
16.44,4.55,72.73,94.61,72.51,1519.65,1
70.51,33.36,10.56,77.55,93.96,1767.43,1
79.53,96.15,24.18,10.66,85.55,1583.3,0
22.83,50.75,49.88,51.93,78.23,68.62,0
59.22,82.26,16.42,3.5,28.96,20.38,0
15.44,12.93,78.98,58.89,5.41,1768.26,0
30.36,26.81,80.74,93.32,57.46,1464.04,0
88.88,94.65,84.21,36.82,3.45,1917.1,0
54.41,38.36,4.96,50.86,71.42,599.12,0
88.59,64.84,42.79,22.76,73.68,1580.18,0
22.52,97.61,84.69,54.09,56.29,1607.01,0
33.0,55.08,36.32,80.26,16.82,1717.51,0
47.1,30.53,69.58,21.53,87.57,1390.22,0
48.01,53.19,58.92,55.35,59.59,293.85,0
99.76,5.46,34.72,35.46,51.49,1368.27,1
11.44,11.24,27.64,74.79,56.76,1216.88,0
85.2,0.72,65.27,70.2,8.29,680.67,0
86.37,88.42,13.36,69.88,74.04,433.05,0
55.32,67.13,86.01,37.78,6.08,1772.5,0
34.4,29.83,57.64,59.93,57.84,301.05,0
51.92,22.12,11.15,65.11,16.93,855.95,0
29.25,68.31,70.35,68.08,20.77,1253.14,0
79.91,91.95,43.11,57.53,23.33,1944.16,0
49.83,29.91,20.41,86.68,1.43,1348.53,0
92.58,32.16,96.11,24.88,89.18,623.66,1
62.27,85.42,71.96,5.58,80.42,140.11,0
51.43,89.34,59.3,96.25,3.13,649.05,0
71.11,91.4,84.89,6.07,5.7,599.72,0
50.39,29.32,54.39,90.3,78.29,1641.78,1
90.45,12.03,44.15,61.23,0.68,765.64,0
18.44,44.0,18.94,91.87,46.9,214.93,0
97.33,29.58,15.34,56.5,10.73,1742.56,0
81.22,88.39,43.2,82.1,59.16,55.75,0
86.07,3.66,45.6,72.13,99.83,25.96,1
48.29,63.39,73.33,52.51,17.2,960.01,0
83.72,90.62,44.21,36.33,95.67,157.06,0
30.68,97.67,59.32,0.29,86.55,370.66,0
76.19,65.01,83.25,25.09,98.59,1970.86,1
14.05,94.99,99.33,95.18,76.62,1691.84,0
30.71,7.57,32.25,27.55,85.7,1532.79,0
44.57,35.93,90.2,75.19,59.46,1348.17,0
32.23,0.87,80.61,50.85,86.73,114.67,1
38.7,98.12,6.8,30.85,11.15,1675.1,0
82.01,90.27,33.42,99.11,74.17,952.95,0
25.67,2.81,21.9,4.7,62.87,214.67,0
74.53,1.81,66.44,58.21,5.98,615.49,0
7.37,36.7,55.53,46.15,29.16,1013.9,0
76.57,25.85,49.49,7.65,21.61,47.12,0
79.2,84.69,76.36,21.41,40.52,519.79,0
40.17,16.05,33.33,69.42,19.84,685.13,0
72.25,79.06,38.28,10.83,27.48,938.31,0
91.51,55.45,86.56,80.1,29.6,23.92,0
80.07,37.74,97.22,62.51,59.98,1139.58,1
39.04,14.57,77.64,10.09,13.49,411.31,0
48.42,99.77,21.71,28.68,24.11,1202.56,0
77.94,61.8,11.27,13.72,31.71,493.52,0
29.26,43.94,20.92,79.76,44.91,817.38,0
80.39,37.11,42.28,53.3,3.81,1254.79,0
32.81,90.57,23.67,0.28,99.92,1320.01,0
80.6,82.12,90.1,54.29,30.04,80.58,0
8.68,81.12,67.07,48.28,28.73,1079.45,0
4.44,61.62,41.67,64.31,55.49,1636.95,0
99.77,88.8,27.38,3.48,85.4,428.72,0
86.95,29.93,38.07,3.54,45.68,1073.34,0
88.28,70.37,47.61,34.94,24.88,906.28,0
95.13,40.44,71.38,68.85,56.59,1702.87,1
43.83,60.0,8.93,66.66,48.29,888.75,0
28.68,99.82,84.88,27.83,42.31,1888.8,0
13.0,98.45,12.76,21.61,98.39,1311.81,0
50.12,51.26,26.25,68.31,99.6,1131.54,0
22.0,57.39,99.36,2.71,56.19,598.0,0
93.56,89.73,19.02,55.68,6.8,1201.12,0
0.4,98.56,10.11,42.41,56.69,279.87,0
14.32,77.86,63.84,23.91,95.25,844.16,0
24.65,6.52,39.31,52.03,92.57,583.17,0
19.9,32.26,9.18,21.72,21.55,1347.15,0
22.58,89.66,0.37,56.43,19.01,1532.71,0
65.6,76.84,7.92,14.9,15.23,1858.69,0
32.75,74.22,52.27,40.57,81.98,459.76,0
61.5,66.79,23.09,51.04,49.01,1771.81,0
89.03,41.53,77.76,3.17,33.8,1694.98,0
60.26,40.32,85.75,61.07,32.48,1727.61,0
69.45,80.89,14.48,75.03,27.54,1486.14,0
36.55,29.38,33.7,95.61,88.26,550.09,0
15.97,68.48,14.66,20.31,40.97,1758.19,0
32.06,72.62,28.67,20.87,24.4,1207.11,0
96.43,84.46,23.92,30.48,71.04,1486.41,0
62.18,31.99,78.69,89.08,63.55,426.41,1
27.75,74.19,34.55,40.69,71.54,331.67,0
45.09,10.65,49.56,30.18,82.2,568.17,1
83.55,13.81,67.39,74.12,10.12,1032.51,1
66.84,41.73,82.23,3.8,0.2,844.92,0
56.07,5.52,30.12,54.88,5.06,1777.46,0
88.52,94.77,20.92,45.02,70.68,45.78,0
67.24,90.19,97.85,62.49,93.45,178.5,0
64.27,4.89,32.01,73.11,33.11,664.31,0
18.98,83.83,67.11,32.5,78.12,352.11,0
10.64,50.89,67.78,63.64,72.92,825.37,0
96.51,70.2,51.4,52.43,97.81,1440.83,1
59.89,88.69,22.84,13.4,47.08,1986.97,0
41.57,57.7,14.15,88.17,16.61,420.11,0
58.9,11.63,48.7,75.46,76.52,546.63,1
6.18,0.26,51.09,92.17,81.88,1542.1,0
82.21,49.69,77.34,72.04,70.73,558.66,1
21.66,94.92,70.98,24.48,86.32,1413.42,0
80.45,57.26,91.2,43.05,37.12,1175.31,0
53.44,37.29,97.09,38.69,69.03,1712.69,0
27.66,3.09,72.79,3.58,26.38,86.01,0
3.02,91.5,7.65,41.05,44.64,1959.9,0
81.58,32.72,40.51,34.56,24.25,1929.22,0
17.65,70.48,60.88,0.39,15.45,64.33,0
5.18,69.42,59.02,84.71,3.6,1009.03,0
75.59,25.39,18.14,14.39,67.14,814.82,0
35.0,6.38,58.29,50.1,87.53,523.24,0
38.93,38.5,34.97,78.47,31.44,1956.1,0
24.71,31.71,33.89,60.45,42.92,365.71,0
85.92,70.03,83.4,16.94,0.35,541.84,0
29.73,81.98,42.19,61.82,41.29,36.28,0
21.02,22.24,52.74,75.76,28.13,1168.84,0
30.92,52.82,56.29,85.48,57.42,1724.38,0
20.31,4.06,56.3,31.87,90.85,1251.39,0
31.77,21.43,21.31,3.39,50.62,1310.18,0
8.29,76.18,59.95,60.79,67.55,151.31,0
15.85,79.34,33.46,22.58,70.55,1435.32,0
41.71,77.64,65.5,78.09,15.24,829.83,0
87.95,14.24,14.57,67.99,34.66,957.95,1
5.73,55.1,99.41,77.32,11.31,1178.33,0
21.27,42.27,77.2,96.75,44.07,1951.22,0
90.83,99.15,41.73,58.45,88.73,1501.4,1
89.0,65.41,30.14,90.43,48.09,1374.18,1
67.95,93.52,38.78,64.19,45.62,875.15,0
24.05,14.54,72.12,18.17,20.93,88.21,0
41.98,45.09,65.54,79.93,31.02,1086.6,0
21.12,77.16,70.21,69.37,93.66,1328.54,0
12.86,36.79,88.9,97.79,30.3,1414.3,0
38.0,63.25,45.63,24.34,73.14,1223.6,0
57.58,51.17,66.95,33.31,4.21,614.73,0
35.99,99.19,44.15,82.15,12.83,457.64,0
61.08,17.39,63.81,6.29,31.15,198.39,0
29.63,93.53,47.48,63.32,90.14,1411.61,0
34.59,40.16,77.67,53.55,21.93,1942.16,0
79.07,46.8,0.53,16.88,72.67,1059.54,0
87.83,52.86,21.57,16.51,16.75,1352.9,0
32.2,26.54,29.64,81.02,61.28,1391.35,0
57.15,96.37,94.54,1.54,58.68,339.66,0
27.82,91.15,50.7,74.68,62.19,399.77,0
5.33,97.29,36.44,73.27,28.63,432.19,0
73.79,99.69,40.43,64.97,16.21,1867.03,0
17.1,66.98,45.18,40.95,88.65,50.85,0
42.57,45.17,86.78,2.83,56.94,1091.51,0
48.7,85.07,96.23,80.18,21.2,766.81,0
18.45,2.38,84.42,12.57,41.33,1325.51,0
9.46,83.44,84.17,28.08,6.71,456.57,0
34.8,49.73,19.9,94.68,47.54,1923.12,0
95.23,67.32,26.87,30.19,42.39,675.81,0
61.51,37.4,59.6,25.51,13.27,1853.34,0
38.14,36.86,65.61,97.34,44.44,1186.62,0
3.89,3.17,20.27,8.59,63.95,840.63,0
60.03,42.38,74.63,16.07,92.85,1473.09,1
9.23,40.84,20.0,43.83,70.32,1115.07,0
54.25,22.48,26.3,78.77,50.24,294.39,0
75.2,24.73,30.68,88.44,77.01,1414.89,1
42.36,58.41,84.6,75.56,27.99,1167.4,0
29.94,31.78,73.21,97.62,66.88,1139.98,1
4.74,83.03,53.07,1.68,0.51,1481.53,0
2.48,11.14,81.97,61.95,7.26,1313.89,0
43.0,57.76,81.29,11.63,62.43,745.16,0
88.33,16.0,38.98,91.04,19.25,650.61,0
24.41,52.82,78.14,93.53,68.87,516.62,0
57.41,55.25,20.62,30.3,63.68,1158.79,0
68.43,64.23,50.32,82.77,6.37,613.78,0
6.08,42.74,11.82,63.03,39.25,258.43,0
15.31,50.95,42.68,10.05,61.3,1569.74,0
33.13,18.1,52.04,60.28,71.35,434.08,0
67.01,46.3,7.99,97.61,81.61,346.46,1
43.9,37.3,46.26,30.81,33.04,1701.02,0
73.42,66.61,65.17,0.11,83.67,1410.21,0
86.76,43.48,61.41,97.68,35.43,1536.99,1
75.84,77.93,5.44,41.4,0.7,713.71,0
99.22,42.6,9.53,43.09,61.0,1242.52,1
75.44,23.58,35.14,71.26,24.17,1865.74,0
85.22,27.37,84.27,60.44,12.44,579.74,0
83.24,4.53,86.98,30.2,25.84,156.54,0
73.03,53.99,30.96,10.0,82.79,358.34,0
80.18,83.09,71.89,82.74,91.4,1796.98,1
93.47,76.91,57.74,48.34,96.17,577.43,1
47.52,43.78,98.34,67.25,30.28,992.68,0
63.83,19.61,9.46,86.05,45.59,1078.45,0
51.49,86.35,54.79,1.77,80.25,1920.83,0
85.1,5.68,59.25,85.94,31.79,616.93,1
43.14,39.92,30.77,75.18,38.51,1052.35,0
81.97,85.66,4.7,94.68,23.73,1917.09,0
79.94,39.32,5.21,23.36,57.24,418.66,0
96.19,11.79,45.36,32.24,65.93,1203.81,1
24.89,26.59,69.25,66.15,31.84,145.94,0
70.96,60.0,70.02,92.58,2.42,540.69,0
75.69,15.2,18.1,99.27,73.59,157.05,1
93.63,65.49,85.8,41.67,61.66,673.7,1
90.69,43.82,37.72,53.92,21.9,428.74,0
57.35,33.44,96.44,17.06,31.46,1600.86,0
57.92,24.09,11.82,69.4,95.71,937.52,0
16.73,82.33,83.65,83.74,63.02,821.9,0
97.5,39.67,90.83,79.86,59.55,1390.8,1
25.5,73.85,82.27,34.58,63.97,1895.45,0
72.47,44.04,80.88,96.33,95.44,617.06,1
79.58,9.19,36.13,12.03,33.99,152.17,0
44.12,44.05,71.33,49.4,28.09,237.36,0
21.12,50.77,57.93,55.46,37.67,1717.29,0
18.9,45.78,42.45,53.65,80.09,1694.79,0
85.65,81.62,99.31,75.79,12.1,961.22,0
51.08,91.09,29.05,60.96,20.68,312.33,0
9.01,78.68,41.31,7.71,22.82,1062.45,0
71.7,58.28,90.29,17.99,63.64,1343.48,0
25.02,54.14,28.9,53.22,64.16,677.83,0
87.64,64.46,15.27,69.45,37.19,183.39,0
30.96,28.78,31.0,51.42,27.62,657.44,0
20.03,81.18,75.93,35.55,75.47,1387.34,0
8.49,85.68,85.99,5.11,3.17,1957.17,0
51.15,26.72,11.44,78.59,73.87,396.38,0
45.07,90.28,62.17,49.72,21.03,1830.82,0
75.13,84.87,56.73,53.88,90.28,924.11,1
46.46,42.45,66.88,46.9,41.37,1333.17,0
34.38,90.9,67.11,26.53,64.23,1730.12,0
26.17,12.04,95.95,27.64,12.1,1123.77,0
27.81,2.8,34.65,6.35,25.39,141.69,0
92.78,34.79,29.98,70.76,70.06,546.24,1
16.51,56.54,58.12,27.19,55.04,1609.75,0
98.82,35.14,42.94,29.86,77.05,1114.73,0
32.69,94.21,47.38,99.35,56.34,671.57,0
8.84,25.47,6.93,38.58,56.93,1174.94,0
24.87,28.12,14.82,51.07,85.83,551.77,0
5.84,63.48,93.54,38.65,42.47,497.2,0
79.0,0.39,6.83,29.02,89.5,1660.22,1
51.26,72.76,59.01,0.59,37.22,812.13,0
33.7,37.75,75.46,85.49,32.86,562.5,0
66.2,97.77,1.19,47.32,77.94,830.17,0
63.06,69.14,22.27,71.99,1.15,1842.85,0
93.99,5.22,37.71,95.87,17.22,377.96,0
96.13,9.26,50.68,0.28,7.18,386.75,0
68.07,8.82,34.16,67.5,51.21,720.45,1
81.78,95.26,64.9,11.86,62.81,139.67,0
79.24,68.41,22.64,45.8,1.04,168.34,0
49.13,42.76,2.55,84.68,16.15,41.74,0
70.45,20.05,0.16,7.15,30.25,309.45,0
7.83,87.36,34.55,98.96,29.42,1287.97,0
75.8,20.16,36.17,58.08,9.71,408.92,0
96.18,70.67,94.86,39.5,17.28,768.02,0
8.5,76.33,4.48,1.95,84.71,1417.06,0
83.61,29.47,53.01,58.68,70.06,83.01,1
93.3,50.49,57.78,49.49,29.61,433.94,0
22.62,22.3,69.93,21.53,26.34,1991.86,0
52.48,37.89,63.87,49.04,8.02,1201.98,0
92.79,96.51,0.81,1.28,34.89,1326.76,0
96.02,69.31,63.19,99.95,39.81,1041.78,1
12.79,84.66,32.24,33.21,90.42,1932.47,0
34.9,54.06,77.29,48.02,74.31,305.71,0
69.81,23.9,18.84,78.48,47.92,153.4,0
22.16,71.29,71.62,71.28,13.49,1636.01,0
32.48,50.06,62.55,88.86,65.62,28.11,0
2.33,17.68,65.23,94.13,93.6,1131.89,0
15.35,41.24,17.59,18.92,7.8,22.8,0
56.23,63.48,66.92,39.04,84.86,709.52,0
65.31,73.53,73.7,68.68,18.01,1308.76,0
64.89,24.32,48.94,4.5,70.13,1103.71,0
77.84,87.6,34.04,71.69,18.39,1128.53,0
41.53,37.96,16.66,0.49,60.0,331.55,0
27.35,27.11,29.0,91.41,23.76,603.57,0
1.56,19.51,76.38,71.82,54.17,1425.86,0
20.66,80.42,40.94,56.55,60.02,66.13,0
31.24,35.42,70.27,42.89,61.85,1198.66,0
17.82,48.34,74.01,98.8,68.28,1043.79,0
2.01,22.28,67.42,73.65,6.9,701.04,0
15.74,68.61,67.35,80.73,70.34,682.86,0
66.61,78.1,61.08,82.54,15.46,1601.92,0
62.96,33.94,51.84,2.19,67.7,776.35,0
93.57,94.51,19.78,5.47,12.4,178.12,0
79.82,3.06,84.28,19.84,47.94,1924.84,1
56.78,13.29,96.43,65.52,38.68,278.13,0
13.76,58.88,46.65,62.39,96.73,1598.96,0
56.41,70.14,93.32,32.52,63.08,47.61,0
6.16,25.07,99.8,97.3,8.82,741.51,0
43.09,55.41,48.62,9.31,70.09,1040.06,0
39.03,31.84,72.44,77.67,19.41,78.97,0
42.78,55.41,64.38,48.09,28.62,1473.49,0
27.98,65.93,23.73,41.88,37.84,535.95,0
68.58,97.28,4.71,2.56,77.62,1091.51,0
84.09,45.57,45.34,72.78,94.41,1588.81,1
76.85,64.82,78.72,77.16,92.43,1190.41,1
62.78,57.8,32.51,31.9,17.07,922.11,0
53.83,31.76,78.44,51.7,6.04,685.5,0
3.11,25.31,65.48,60.64,82.85,109.31,0
72.29,98.79,69.55,36.76,28.82,1827.78,0
54.5,20.69,28.57,61.56,58.28,1192.02,0
27.07,79.03,47.0,43.41,97.86,1270.44,0
32.78,14.66,18.17,87.81,18.64,892.21,0
93.56,80.44,24.66,71.85,37.49,757.97,0
62.44,18.57,8.99,11.05,86.76,112.38,0
47.59,96.72,12.68,79.96,65.0,354.6,0
62.09,68.6,21.05,33.75,93.76,862.59,0
41.37,9.01,58.02,93.56,63.17,498.58,0
47.02,69.32,44.12,60.34,30.36,108.0,0
29.03,60.36,26.69,2.76,80.51,1101.11,0
43.99,33.75,86.11,73.44,75.93,938.95,1
68.56,26.07,52.51,13.07,93.36,854.32,1
3.99,71.88,92.31,87.73,47.62,1572.77,0
79.5,74.14,63.5,94.83,50.28,1207.07,1
28.3,32.72,1.58,69.53,32.38,22.8,0
68.26,87.62,91.35,53.29,26.88,1528.58,0
64.27,26.88,85.75,60.21,99.65,975.52,1
65.26,6.99,63.53,42.89,97.73,1043.29,1
60.81,59.99,53.48,8.36,52.96,1781.35,0
95.91,10.71,45.29,92.88,95.51,236.25,1
50.83,27.67,48.22,32.92,35.62,1206.82,0
73.23,50.72,76.92,31.28,85.0,578.68,1
70.54,28.64,51.31,19.13,63.49,92.69,0
23.63,21.5,17.6,99.24,71.71,886.02,0
28.33,70.32,5.82,94.26,71.82,581.55,0
42.4,54.7,12.62,34.94,63.58,22.96,0
27.77,83.98,25.14,26.0,85.23,996.03,0
36.67,58.12,36.77,80.54,39.2,636.02,0
39.1,48.34,89.24,42.26,84.92,879.56,0
60.39,26.13,23.91,96.78,18.34,43.23,0
21.99,79.21,31.96,90.12,20.0,815.53,0
80.43,19.69,22.3,75.95,71.73,951.4,1
43.75,24.22,54.57,8.99,75.01,942.72,0
70.62,84.16,61.71,70.21,90.23,1439.51,1
8.14,74.12,53.21,98.73,27.47,1982.75,0
47.0,61.29,95.19,37.33,5.61,75.17,0
2.82,3.89,99.54,88.16,50.75,804.13,0
67.59,12.73,83.74,40.81,87.53,1716.3,1
34.37,50.0,80.53,97.13,97.15,1258.88,1
94.93,74.63,36.61,65.36,85.78,1967.53,1
32.41,46.41,57.98,9.65,49.0,1432.56,0
56.38,1.73,35.15,47.9,86.34,1454.01,1
25.74,18.43,78.44,4.97,21.4,170.65,0
62.01,58.88,17.18,39.51,92.12,565.0,0
46.7,69.42,21.67,91.54,56.68,1175.94,0
37.06,3.34,3.87,23.22,38.94,1054.34,0
20.37,4.33,60.89,95.06,58.16,1529.93,1
11.15,26.13,68.85,9.99,78.4,1987.44,0
11.99,8.35,0.34,66.48,24.01,429.47,0
99.9,54.19,51.08,96.57,10.19,868.23,0
41.23,12.37,37.69,65.42,73.31,1736.34,0
0.19,64.82,79.24,89.9,95.25,1679.54,0
95.29,77.72,3.89,99.1,63.7,1638.04,0
2.0,97.05,4.86,64.18,14.26,1248.38,0
41.86,94.84,62.02,78.23,64.34,1986.52,0
71.75,27.34,59.16,3.2,11.66,728.65,0
91.46,2.94,83.11,42.73,30.35,250.26,0
71.29,32.94,59.23,28.83,3.16,282.47,0
46.36,70.85,94.94,82.42,48.75,882.67,0
97.44,5.98,31.44,67.76,32.14,1613.8,1
3.93,35.97,39.79,61.44,9.75,916.64,0
98.69,29.8,97.77,93.16,30.9,1230.54,1
84.94,21.93,10.75,8.89,64.76,728.88,0
92.89,70.61,79.59,95.38,28.91,1435.37,1
25.48,65.91,1.16,10.08,14.31,323.22,0
14.25,53.55,48.65,34.7,54.48,1049.83,0
66.33,91.08,15.34,63.03,75.32,386.56,0
51.59,10.31,59.89,34.15,83.01,947.81,1
52.32,14.97,79.82,68.25,47.21,872.38,0
92.46,38.34,3.3,77.54,71.11,1217.03,1
62.01,65.59,16.38,82.85,83.33,1028.9,0
31.11,58.41,34.26,17.93,67.29,1951.97,0
40.01,7.4,25.58,18.21,52.73,1802.62,0
13.35,95.84,38.32,5.23,5.99,602.27,0
19.23,30.51,95.19,49.09,29.0,259.93,0
14.34,35.9,10.12,13.75,31.98,148.21,0
81.03,62.36,42.33,31.86,39.5,412.03,0
70.49,94.52,45.71,84.04,95.09,459.77,0
53.03,66.27,28.03,94.87,20.89,1779.59,0
37.44,95.48,27.85,82.21,54.16,1851.18,0
66.85,18.76,71.48,0.06,99.12,476.33,1
81.29,61.88,61.78,56.8,61.88,1522.29,0
88.12,82.89,81.28,16.67,20.89,1674.81,0
54.7,50.9,40.51,37.57,96.02,767.47,0
81.99,36.22,60.67,42.79,33.63,1745.76,0
51.13,98.48,89.36,94.29,4.79,1977.53,0
47.45,14.1,85.13,63.37,43.14,1936.23,0
86.54,41.09,92.0,26.77,24.07,1488.98,0
38.64,87.34,26.9,64.28,81.89,755.89,0
39.59,90.05,98.54,95.19,22.0,469.47,0
30.49,98.04,81.64,5.92,81.99,1985.88,0
51.87,88.48,79.48,81.6,3.62,566.83,0
54.49,5.1,66.76,21.69,92.92,888.0,1
66.05,92.98,98.33,15.31,4.22,542.97,0
43.05,42.82,44.16,89.89,93.85,1002.32,1
21.78,65.16,74.15,0.18,7.37,238.55,0
86.68,39.43,69.88,74.11,87.26,1621.93,1
34.6,81.37,73.21,8.72,83.13,1020.11,0
92.29,57.59,75.15,61.8,59.44,850.61,1
20.74,84.55,19.08,62.09,3.6,739.03,0
56.01,19.38,34.91,86.28,62.11,1167.97,0
53.66,18.5,39.23,82.26,61.78,1564.18,0
82.86,44.04,74.8,68.52,55.72,1807.07,1
13.89,0.48,71.62,38.05,63.15,1686.21,0
90.99,69.29,83.34,16.64,96.81,902.12,1
53.14,29.61,78.85,63.57,99.55,1671.3,1
58.61,55.73,59.6,49.7,52.05,1066.66,0
51.02,7.0,13.99,7.79,9.18,1283.59,0
3.6,17.06,63.55,95.56,13.4,1355.63,0
49.71,62.29,88.71,31.44,72.04,811.37,0
26.35,30.57,64.32,0.21,98.2,982.39,0
34.27,21.47,89.56,90.17,43.61,1391.33,0
64.91,22.88,99.91,57.71,9.8,629.7,0
49.77,21.48,35.92,73.31,35.3,1498.89,0
9.32,62.29,72.33,15.27,38.5,721.12,0
7.3,16.77,54.0,40.46,99.66,1179.27,0
18.57,36.27,45.5,64.51,68.66,1678.49,0
19.09,68.79,23.99,25.1,11.79,65.95,0
60.83,51.37,24.59,70.15,33.71,495.87,0
17.78,59.73,18.5,23.36,4.86,1131.11,0
88.17,25.09,63.15,20.91,65.31,230.08,1
20.98,93.27,14.21,1.16,67.27,427.09,0
9.11,41.39,43.14,28.19,5.75,1503.2,0
87.57,28.7,52.33,24.67,33.55,71.13,0
29.53,90.43,43.82,76.44,90.28,1227.87,0
42.54,65.53,85.49,56.97,82.68,87.63,0
95.9,61.39,44.32,17.78,57.42,249.53,0
94.44,88.67,8.28,56.81,48.46,792.87,0
71.49,5.85,99.22,22.54,99.29,1930.24,1
6.89,83.77,84.5,42.55,72.22,1100.78,0
59.33,67.79,66.0,88.82,95.26,638.2,1
98.91,36.0,75.63,71.93,7.16,834.43,1
94.69,25.64,12.82,65.11,21.22,1146.17,0
10.6,10.48,76.59,28.15,3.11,1246.44,0
39.6,94.11,20.77,12.46,86.79,550.45,0
31.55,14.19,48.9,75.29,69.42,410.64,0
12.97,25.94,17.8,56.79,17.77,1000.71,0
69.48,69.11,75.38,62.28,97.42,1296.81,1
27.38,71.02,24.59,97.51,95.58,1636.83,0
34.49,16.08,25.32,34.83,22.46,1193.73,0
9.04,81.41,10.92,80.07,64.7,1391.02,0
49.8,51.03,72.06,55.9,66.81,978.28,0
15.82,84.85,29.58,23.53,0.4,1142.1,0
43.21,8.73,51.83,5.29,68.88,1278.19,0
14.33,4.28,33.22,61.6,22.13,487.94,0
95.38,63.7,77.47,29.76,90.13,1869.47,1
14.5,15.0,22.65,69.55,83.85,703.77,0
52.19,52.49,94.08,70.07,90.53,1217.28,1
19.7,1.41,32.13,45.55,75.76,1130.69,0
7.64,77.99,10.39,53.64,16.49,1709.62,0
20.23,89.95,24.03,62.65,36.06,244.94,0
5.48,83.89,7.39,46.86,70.89,1770.78,0
13.94,95.84,46.87,87.74,32.33,291.29,0
49.35,90.31,25.03,7.59,71.0,306.17,0
65.18,44.4,88.6,97.98,33.62,1727.26,1
8.73,39.83,51.71,3.35,17.77,529.06,0
44.1,89.62,23.34,20.81,51.82,1231.34,0
58.12,92.69,45.13,70.83,68.62,937.95,0
23.42,97.28,19.6,8.5,51.72,1869.85,0
37.21,76.83,17.87,26.22,64.19,1568.53,0
7.18,20.2,30.07,15.4,43.81,683.29,0
22.01,94.5,10.83,72.36,77.83,1630.61,0
46.68,94.71,18.86,57.89,65.0,467.06,0
99.04,66.61,93.8,6.45,57.46,1238.83,1
99.63,85.73,66.68,46.01,43.54,1508.14,0
97.96,56.12,92.11,20.85,53.57,1412.25,0
42.31,94.41,25.68,96.77,5.1,1320.23,0
8.07,9.39,85.7,10.79,66.67,1663.34,0
32.36,86.4,36.23,59.81,20.44,1121.29,0
23.77,5.55,14.42,48.18,86.01,1858.13,0
1.41,33.91,80.47,57.81,81.23,306.72,0
9.52,13.53,5.97,95.65,52.8,724.3,0
45.32,47.91,40.49,34.13,84.71,1570.32,0
33.97,23.22,81.93,74.88,67.08,629.95,0
18.04,95.21,61.72,44.75,14.13,897.04,0
